anio,region_label,region_slug,q1,q2,q3,q4,vivienda_m2_eur_corriente,deflactor_hasta_1986,vivienda_m2_eur_a_1986,anio_base,vivienda_m2_pct_desde_base,pib_per_capita_eur_a_1986,pib_per_capita_pct_desde_1995
1995,Andalucía,andalucia,513.4,514.7,495.3,514.7,509.52500000000003,0.62,315.9055,1995,0.0,7163.3,0.0
1996,Andalucía,andalucia,507.8,503.6,505.0,513.4,507.45,0.6,304.46999999999997,1995,-3.6199116507943163,7318.4,2.1652031884745737
1997,Andalucía,andalucia,509.2,516.1,510.6,516.1,513.0,0.59,302.66999999999996,1995,-4.1897023002132165,7587.08,5.91598844108161
1998,Andalucía,andalucia,527.3,537.0,548.1,552.3,541.175,0.57,308.4697499999999,1995,-2.3537893452314385,7939.61,10.83732357991427
1999,Andalucía,andalucia,567.6,584.3,601.0,610.7,590.9,0.56,330.904,1995,4.7477805862829126,8275.28,15.523292337330563
2000,Andalucía,andalucia,633.0,663.6,680.3,687.3,666.05,0.54,359.667,1995,13.852718613636018,8674.65,21.098516047073268
2001,Andalucía,andalucia,726.2,767.9,787.4,805.5,771.75,0.52,401.31,1995,27.03482528794212,9000.89,25.652841567433992
2002,Andalucía,andalucia,843.1,880.6,926.5,932.1,895.575,0.51,456.74325000000005,1995,44.58224057510871,9300.17,29.83080423827007
2003,Andalucía,andalucia,983.6,1037.8,1090.7,1121.3,1058.35,0.49,518.5915,1995,64.16032642673204,9472.84,32.24128544106766
2004,Andalucía,andalucia,1179.7,1261.8,1303.6,1362.0,1276.775,0.48,612.852,1995,93.99852170981511,9688.88,35.25721385394998
2005,Andalucía,andalucia,1391.2,1463.5,1490.8,1529.6,1468.775,0.46,675.6365000000001,1995,113.87297783672649,9935.24,38.69641087208409
2006,Andalucía,andalucia,1587.4,1626.3,1643.0,1677.8,1633.625,0.45,735.13125,1995,132.70606241423462,10225.53,42.748872726257446
2007,Andalucía,andalucia,1707.0,1740.4,1752.9,1758.5,1739.7,0.44,765.4680000000001,1995,142.30917157187832,10482.09,46.33046221713455
2008,Andalucía,andalucia,1800.2,1805.8,1780.7,1740.4,1781.775,0.42,748.3455,1995,136.8890380192811,10201.68,42.41592562087306
2009,Andalucía,andalucia,1700.0,1666.0,1634.7,1613.8,1653.625,0.42,694.5224999999999,1995,119.8513479505738,9755.29,36.18430053187778
2010,Andalucía,andalucia,1607.2,1590.1,1561.3,1564.3,1580.725,0.41,648.0972499999999,1995,105.155418313388,9544.72,33.24473357251545
2011,Andalucía,andalucia,1522.7,1514.2,1480.9,1440.8,1489.65,0.4,595.86,1995,88.61969797930075,9153.42,27.78216743679589
2012,Andalucía,andalucia,1379.2,1344.7,1322.3,1288.5,1333.675,0.39,520.13325,1995,64.64836794547735,8623.37,20.38264487038097
2013,Andalucía,andalucia,1285.2,1259.0,1237.6,1208.5,1247.575,0.38,474.0785,1995,50.06972021696361,8445.8,17.903759440481327
2014,Andalucía,andalucia,1207.7,1207.1,1206.4,1211.1,1208.075,0.39,471.14925000000005,1995,49.14246507262456,8607.94,20.167241355241305
2015,Andalucía,andalucia,1208.3,1213.0,1218.9,1223.7,1215.975,0.39,474.23024999999996,1995,50.117756734213216,9064.5,26.54084011558917
2016,Andalucía,andalucia,1210.6,1223.2,1212.8,1215.9,1215.625,0.39,474.09375,1995,50.074547609965634,9390.19,31.087487610458876
2017,Andalucía,andalucia,1227.9,1232.7,1222.7,1245.7,1232.25,0.38,468.255,1995,48.22628919091309,9577.78,33.706252704758974
2018,Andalucía,andalucia,1245.5,1261.5,1267.6,1298.5,1268.275,0.37,469.26175,1995,48.544976266636695,9725.29,35.76549914145717
2019,Andalucía,andalucia,1303.7,1304.3,1309.1,1315.5,1308.15,0.37,484.01550000000003,1995,53.21528115211669,9932.49,38.65802074462887
2020,Andalucía,andalucia,1312.3,1292.4,1290.4,1310.0,1301.275,0.37,481.47175000000004,1995,52.41005617186152,8907.37,24.347298033029485
2021,Andalucía,andalucia,1303.1,1327.9,1351.5,1367.5,1337.5,0.36,481.5,1995,52.41899871955378,9424.47,31.566037999246156
2022,Andalucía,andalucia,1399.6,1397.1,1414.3,1431.5,1410.625,0.33,465.50625,1995,47.356171386696346,9648.03,34.686945960660594
2023,Andalucía,andalucia,1466.3,1477.2,1501.1,1527.7,1493.075,0.32,477.78400000000005,1995,51.24269757886457,10041.48,40.17952619602696
2024,Andalucía,andalucia,1555.7,1588.7,1597.7,1646.2,1597.075,0.32,511.064,1995,61.7774935858983,10559.01,47.40426898217302
2025,Andalucía,andalucia,1698.2,1741.4,1804.0,1855.4,1774.75,0.32,567.92,1995,79.77528089887637,,
1995,Aragón,aragon,573.6,570.6,590.1,597.5,582.95,0.62,361.42900000000003,1995,0.0,7163.3,0.0
1996,Aragón,aragon,596.0,581.1,599.0,597.5,593.4,0.6,356.03999999999996,1995,-1.4910258999693116,7318.4,2.1652031884745737
1997,Aragón,aragon,581.1,581.1,585.6,593.0,585.2,0.59,345.26800000000003,1995,-4.4714176228249585,7587.08,5.91598844108161
1998,Aragón,aragon,584.1,602.0,642.3,658.8,621.8,0.57,354.42599999999993,1995,-1.9375866352727922,7939.61,10.83732357991427
1999,Aragón,aragon,673.7,711.0,715.5,775.3,718.875,0.56,402.57000000000005,1995,11.382871878017543,8275.28,15.523292337330563
2000,Aragón,aragon,787.2,815.6,848.5,860.4,827.925,0.54,447.0795,1995,23.697738698333538,8674.65,21.098516047073268
2001,Aragón,aragon,893.3,914.2,942.6,1000.8,937.725,0.52,487.617,1995,34.913634489761456,9000.89,25.652841567433992
2002,Aragón,aragon,1017.3,1047.2,1084.5,1130.8,1069.95,0.51,545.6745000000001,1995,50.97695536329405,9300.17,29.83080423827007
2003,Aragón,aragon,1117.4,1186.1,1199.5,1256.3,1189.825,0.49,583.0142500000001,1995,61.30809923940801,9472.84,32.24128544106766
2004,Aragón,aragon,1311.6,1374.3,1386.2,1469.9,1385.5,0.48,665.04,1995,84.002943870027,9688.88,35.25721385394998
2005,Aragón,aragon,1493.8,1604.3,1613.3,1661.7,1593.275,0.46,732.9065,1995,102.78021409460779,9935.24,38.69641087208409
2006,Aragón,aragon,1741.8,1829.9,1847.3,1876.2,1823.8,0.45,820.71,1995,127.07364378619314,10225.53,42.748872726257446
2007,Aragón,aragon,1883.7,1937.5,1907.6,1930.9,1914.925,0.44,842.567,1995,133.12102791972973,10482.09,46.33046221713455
2008,Aragón,aragon,1962.9,1935.5,1877.7,1855.7,1907.95,0.42,801.3389999999999,1995,121.71408492400992,10201.68,42.41592562087306
2009,Aragón,aragon,1776.1,1723.2,1697.1,1726.4,1730.7,0.42,726.894,1995,101.11667851777248,9755.29,36.18430053187778
2010,Aragón,aragon,1667.6,1663.6,1667.6,1646.7,1661.375,0.41,681.1637499999999,1995,88.4640551809622,9544.72,33.24473357251545
2011,Aragón,aragon,1622.3,1544.6,1524.5,1474.2,1541.4,0.4,616.5600000000001,1995,70.58952104009364,9153.42,27.78216743679589
2012,Aragón,aragon,1455.0,1404.3,1350.9,1325.5,1383.925,0.39,539.7307500000001,1995,49.3324415030338,8623.37,20.38264487038097
2013,Aragón,aragon,1274.8,1236.7,1209.3,1173.0,1223.45,0.38,464.911,1995,28.631349448992726,8445.8,17.903759440481327
2014,Aragón,aragon,1168.7,1170.7,1157.8,1170.9,1167.025,0.39,455.13975000000005,1995,25.927844749591202,8607.94,20.167241355241305
2015,Aragón,aragon,1190.9,1212.1,1193.2,1193.2,1197.35,0.39,466.9665,1995,29.2000641896472,9064.5,26.54084011558917
2016,Aragón,aragon,1183.3,1188.5,1175.3,1189.2,1184.075,0.39,461.78925000000004,1995,27.767625176729037,9390.19,31.087487610458876
2017,Aragón,aragon,1165.0,1152.8,1168.8,1188.0,1168.65,0.38,444.08700000000005,1995,22.869775253230927,9577.78,33.706252704758974
2018,Aragón,aragon,1171.5,1186.9,1179.9,1216.9,1188.8000000000002,0.37,439.85600000000005,1995,21.699144230263755,9725.29,35.76549914145717
2019,Aragón,aragon,1206.4,1223.9,1230.0,1225.1,1221.35,0.37,451.8995,1995,25.03133395493997,9932.49,38.65802074462887
2020,Aragón,aragon,1214.7,1179.0,1194.3,1202.6,1197.65,0.37,443.13050000000004,1995,22.60513129826329,8907.37,24.347298033029485
2021,Aragón,aragon,1180.6,1195.1,1211.6,1238.3,1206.3999999999999,0.36,434.3039999999999,1995,20.163019569541984,9424.47,31.566037999246156
2022,Aragón,aragon,1259.3,1274.8,1267.5,1289.8,1272.85,0.33,420.0405,1995,16.21660132418814,9648.03,34.686945960660594
2023,Aragón,aragon,1273.6,1285.9,1320.3,1333.6,1303.35,0.32,417.072,1995,15.39527818741715,10041.48,40.17952619602696
2024,Aragón,aragon,1345.1,1392.0,1406.0,1449.6,1398.175,0.32,447.416,1995,23.79084135473355,10559.01,47.40426898217302
2025,Aragón,aragon,1494.6,1537.6,1589.0,1647.1,1567.0749999999998,0.32,501.46399999999994,1995,38.7448157176098,,
1995,Asturias (Principado de ),asturias,657.9,635.1,643.7,636.6,643.325,0.62,398.86150000000004,1995,0.0,7163.3,0.0
1996,Asturias (Principado de ),asturias,662.2,666.5,679.3,667.9,668.975,0.6,401.385,1995,0.6326757533629879,7318.4,2.1652031884745737
1997,Asturias (Principado de ),asturias,677.9,685.0,695.0,672.2,682.525,0.59,402.68974999999995,1995,0.9597943145678078,7587.08,5.91598844108161
1998,Asturias (Principado de ),asturias,702.1,712.1,714.9,719.2,712.075,0.57,405.88275,1995,1.7603228188230569,7939.61,10.83732357991427
1999,Asturias (Principado de ),asturias,742.0,767.6,786.1,798.9,773.65,0.56,433.244,1995,8.620160130772202,8275.28,15.523292337330563
2000,Asturias (Principado de ),asturias,814.6,851.6,873.0,882.9,855.525,0.54,461.9835,1995,15.825543453053248,8674.65,21.098516047073268
2001,Asturias (Principado de ),asturias,897.2,932.8,948.5,984.1,940.65,0.52,489.138,1995,22.633545729532667,9000.89,25.652841567433992
2002,Asturias (Principado de ),asturias,1004.0,1021.1,1058.1,1102.3,1046.375,0.51,533.65125,1995,33.79362259832046,9300.17,29.83080423827007
2003,Asturias (Principado de ),asturias,1116.5,1133.6,1167.8,1227.6,1161.375,0.49,569.07375,1995,42.67452486640097,9472.84,32.24128544106766
2004,Asturias (Principado de ),asturias,1281.7,1301.6,1301.6,1367.1,1313.0,0.48,630.24,1995,58.009735208838144,9688.88,35.25721385394998
2005,Asturias (Principado de ),asturias,1424.1,1435.5,1480.3,1505.5,1461.35,0.46,672.221,1995,68.53494258031922,9935.24,38.69641087208409
2006,Asturias (Principado de ),asturias,1563.7,1612.1,1607.8,1634.9,1604.625,0.45,722.0812500000001,1995,81.03558503390276,10225.53,42.748872726257446
2007,Asturias (Principado de ),asturias,1655.3,1727.4,1748.8,1760.2,1722.925,0.44,758.087,1995,90.06271600543043,10482.09,46.33046221713455
2008,Asturias (Principado de ),asturias,1775.9,1781.5,1768.7,1753.1,1769.8,0.42,743.3159999999999,1995,86.35942551487166,10201.68,42.41592562087306
2009,Asturias (Principado de ),asturias,1664.8,1611.5,1586.8,1600.7,1615.95,0.42,678.699,1995,70.15906523943774,9755.29,36.18430053187778
2010,Asturias (Principado de ),asturias,1637.7,1649.1,1616.4,1636.3,1634.875,0.41,670.2987499999999,1995,68.05300837508756,9544.72,33.24473357251545
2011,Asturias (Principado de ),asturias,1562.2,1616.4,1595.4,1581.0,1588.75,0.4,635.5,1995,59.32848871099365,9153.42,27.78216743679589
2012,Asturias (Principado de ),asturias,1528.8,1515.5,1512.9,1455.4,1503.15,0.39,586.2285,1995,46.975453885621945,8623.37,20.38264487038097
2013,Asturias (Principado de ),asturias,1427.7,1360.6,1360.6,1342.9,1372.95,0.38,521.721,1995,30.802546748683433,8445.8,17.903759440481327
2014,Asturias (Principado de ),asturias,1352.8,1307.1,1306.4,1273.4,1309.925,0.39,510.87075,1995,28.08224158009733,8607.94,20.167241355241305
2015,Asturias (Principado de ),asturias,1264.5,1271.2,1259.9,1286.6,1270.55,0.39,495.5145,1995,24.23222095890427,9064.5,26.54084011558917
2016,Asturias (Principado de ),asturias,1286.3,1266.3,1279.2,1269.6,1275.35,0.39,497.38649999999996,1995,24.701556806059234,9390.19,31.087487610458876
2017,Asturias (Principado de ),asturias,1263.8,1254.0,1288.7,1295.0,1275.375,0.38,484.6425,1995,21.50646276965813,9577.78,33.706252704758974
2018,Asturias (Principado de ),asturias,1260.5,1274.2,1276.6,1276.6,1271.975,0.37,470.63075,1995,17.99352657501412,9725.29,35.76549914145717
2019,Asturias (Principado de ),asturias,1274.7,1303.7,1268.7,1269.8,1279.225,0.37,473.31325,1995,18.66606578975407,9932.49,38.65802074462887
2020,Asturias (Principado de ),asturias,1262.8,1270.5,1275.6,1247.3,1264.05,0.37,467.69849999999997,1995,17.258371640281123,8907.37,24.347298033029485
2021,Asturias (Principado de ),asturias,1283.6,1285.3,1293.5,1280.9,1285.825,0.36,462.897,1995,16.054570320775486,9424.47,31.566037999246156
2022,Asturias (Principado de ),asturias,1303.7,1319.5,1298.8,1300.1,1305.525,0.33,430.82325000000003,1995,8.013245199148077,9648.03,34.686945960660594
2023,Asturias (Principado de ),asturias,1335.6,1361.8,1363.4,1347.2,1352.0,0.32,432.64,1995,8.468729120258534,10041.48,40.17952619602696
2024,Asturias (Principado de ),asturias,1362.8,1400.4,1435.8,1473.1,1418.025,0.32,453.76800000000003,1995,13.76580592511436,10559.01,47.40426898217302
2025,Asturias (Principado de ),asturias,1518.8,1577.9,1638.1,1668.2,1600.75,0.32,512.24,1995,28.425531168087147,,
1995,Balears (Illes),baleares,586.0,591.6,591.6,599.2,592.1,0.62,367.10200000000003,1995,0.0,7163.3,0.0
1996,Balears (Illes),baleares,589.7,599.2,601.1,623.8,603.45,0.6,362.07,1995,-1.3707361986586952,7318.4,2.1652031884745737
1997,Balears (Illes),baleares,627.5,648.3,640.8,654.0,642.65,0.59,379.16349999999994,1995,3.2855990977983973,7587.08,5.91598844108161
1998,Balears (Illes),baleares,680.5,746.6,771.2,795.8,748.525,0.57,426.65924999999993,1995,16.223624496733848,7939.61,10.83732357991427
1999,Balears (Illes),baleares,846.8,914.9,973.5,1026.4,940.4,0.56,526.624,1995,43.454407766778715,8275.28,15.523292337330563
2000,Balears (Illes),baleares,1054.7,1141.7,1156.8,1228.6,1145.45,0.54,618.5430000000001,1995,68.49349771997974,8674.65,21.098516047073268
2001,Balears (Illes),baleares,1247.5,1317.5,1368.5,1396.9,1332.6,0.52,692.952,1995,88.7627961710914,9000.89,25.652841567433992
2002,Balears (Illes),baleares,1413.9,1436.6,1468.7,1508.4,1456.9,0.51,743.019,1995,102.40123998234823,9300.17,29.83080423827007
2003,Balears (Illes),baleares,1531.1,1567.0,1618.0,1631.2,1586.825,0.49,777.54425,1995,111.8060511792363,9472.84,32.24128544106766
2004,Balears (Illes),baleares,1672.8,1710.6,1769.2,1833.5,1746.525,0.48,838.332,1995,128.3648686196207,9688.88,35.25721385394998
2005,Balears (Illes),baleares,1890.2,1969.6,2003.6,2025.6,1972.25,0.46,907.235,1995,147.13431144477553,9935.24,38.69641087208409
2006,Balears (Illes),baleares,2120.8,2192.6,2221.0,2264.5,2199.725,0.45,989.87625,1995,169.64610653169962,10225.53,42.748872726257446
2007,Balears (Illes),baleares,2311.7,2364.6,2372.2,2421.3,2367.45,0.44,1041.6779999999999,1995,183.75710293052063,10482.09,46.33046221713455
2008,Balears (Illes),baleares,2408.1,2427.0,2411.9,2391.1,2409.525,0.42,1012.0005,1995,175.6728375219966,10201.68,42.41592562087306
2009,Balears (Illes),baleares,2260.7,2199.7,2185.2,2125.8,2192.85,0.42,920.997,1995,150.8831332981024,9755.29,36.18430053187778
2010,Balears (Illes),baleares,2118.8,2103.7,2056.8,2094.1,2093.35,0.41,858.2734999999999,1995,133.79701009528682,9544.72,33.24473357251545
2011,Balears (Illes),baleares,2039.5,2008.0,1965.8,1950.1,1990.85,0.4,796.34,1995,116.92608593796821,9153.42,27.78216743679589
2012,Balears (Illes),baleares,1885.7,1859.3,1812.8,1800.5,1839.575,0.39,717.43425,1995,95.43185545161835,8623.37,20.38264487038097
2013,Balears (Illes),baleares,1828.9,1835.2,1900.3,1866.1,1857.625,0.38,705.8975,1995,92.2892002767623,8445.8,17.903759440481327
2014,Balears (Illes),baleares,1873.4,1901.0,1897.2,1911.8,1895.85,0.39,739.3815,1995,101.41037095956978,8607.94,20.167241355241305
2015,Balears (Illes),baleares,1875.2,1927.9,1957.5,2014.5,1943.775,0.39,758.07225,1995,106.5018033135205,9064.5,26.54084011558917
2016,Balears (Illes),baleares,2054.7,2041.7,2040.0,2070.4,2051.7,0.39,800.163,1995,117.9674858758601,9390.19,31.087487610458876
2017,Balears (Illes),baleares,2064.5,2108.2,2151.1,2205.4,2132.3,0.38,810.2740000000001,1995,120.72176125436526,9577.78,33.706252704758974
2018,Balears (Illes),baleares,2208.4,2214.2,2262.9,2272.7,2239.55,0.37,828.6335,1995,125.7229598313275,9725.29,35.76549914145717
2019,Balears (Illes),baleares,2321.3,2324.8,2371.9,2425.2,2360.8,0.37,873.4960000000001,1995,137.94367777892793,9932.49,38.65802074462887
2020,Balears (Illes),baleares,2379.2,2332.8,2381.5,2398.1,2372.9,0.37,877.9730000000001,1995,139.16322983802866,8907.37,24.347298033029485
2021,Balears (Illes),baleares,2363.4,2443.8,2495.7,2546.2,2462.275,0.36,886.419,1995,141.46395279785997,9424.47,31.566037999246156
2022,Balears (Illes),baleares,2611.1,2630.6,2677.4,2696.6,2653.925,0.33,875.7952500000001,1995,138.57000234267315,9648.03,34.686945960660594
2023,Balears (Illes),baleares,2802.8,2869.9,2919.9,2957.7,2887.575,0.32,924.024,1995,151.70769976736707,10041.48,40.17952619602696
2024,Balears (Illes),baleares,3034.3,3108.7,3208.4,3316.7,3167.025,0.32,1013.4480000000001,1995,176.06714210219505,10559.01,47.40426898217302
2025,Balears (Illes),baleares,3436.0,3518.2,3672.4,3809.9,3609.125,0.32,1154.92,1995,214.60466028515236,,
1995,Canarias,canarias,572.4,598.4,593.8,607.5,593.025,0.62,367.6755,1995,0.0,7163.3,0.0
1996,Canarias,canarias,610.6,613.7,622.8,633.5,620.15,0.6,372.09,1995,1.2006511176295254,7318.4,2.1652031884745737
1997,Canarias,canarias,647.2,674.7,676.2,683.9,670.5,0.59,395.59499999999997,1995,7.593516565558489,7587.08,5.91598844108161
1998,Canarias,canarias,702.2,726.6,744.9,770.9,736.15,0.57,419.60549999999995,1995,14.123867377619659,7939.61,10.83732357991427
1999,Canarias,canarias,802.9,833.5,850.3,877.7,841.1,0.56,471.0160000000001,1995,28.106441685671225,8275.28,15.523292337330563
2000,Canarias,canarias,914.4,952.5,972.4,1016.6,963.975,0.54,520.5465,1995,41.5776955494723,8674.65,21.098516047073268
2001,Canarias,canarias,1048.7,1077.7,1089.9,1111.3,1081.9,0.52,562.5880000000001,1995,53.012098984022614,9000.89,25.652841567433992
2002,Canarias,canarias,1129.6,1173.9,1184.6,1209.0,1174.275,0.51,598.88025,1995,62.88282738447355,9300.17,29.83080423827007
2003,Canarias,canarias,1241.0,1268.5,1311.3,1329.6,1287.6,0.49,630.924,1995,71.5980531746064,9472.84,32.24128544106766
2004,Canarias,canarias,1375.4,1376.9,1431.9,1457.8,1410.5,0.48,677.04,1995,84.14063488048565,9688.88,35.25721385394998
2005,Canarias,canarias,1526.5,1570.8,1567.7,1599.1,1566.025,0.46,720.3715000000001,1995,95.92589117305887,9935.24,38.69641087208409
2006,Canarias,canarias,1657.8,1695.9,1700.5,1726.4,1695.15,0.45,762.8175000000001,1995,107.47031009681093,10225.53,42.748872726257446
2007,Canarias,canarias,1750.8,1797.6,1809.4,1825.7,1795.875,0.44,790.1850000000001,1995,114.91369427661078,10482.09,46.33046221713455
2008,Canarias,canarias,1833.3,1841.0,1765.6,1734.1,1793.5,0.42,753.27,1995,104.87359097900186,10201.68,42.41592562087306
2009,Canarias,canarias,1688.3,1683.2,1673.0,1613.5,1664.5,0.42,699.0899999999999,1995,90.1377709420399,9755.29,36.18430053187778
2010,Canarias,canarias,1590.6,1561.6,1559.5,1558.0,1567.425,0.41,642.6442499999999,1995,74.78571457712029,9544.72,33.24473357251545
2011,Canarias,canarias,1534.1,1489.6,1498.5,1435.6,1489.4499999999998,0.4,595.78,1995,62.03962461463981,9153.42,27.78216743679589
2012,Canarias,canarias,1444.2,1382.7,1323.9,1269.6,1355.1,0.39,528.489,1995,43.73788843695052,8623.37,20.38264487038097
2013,Canarias,canarias,1268.3,1290.1,1282.4,1273.4,1278.55,0.38,485.849,1995,32.14070559501516,8445.8,17.903759440481327
2014,Canarias,canarias,1257.9,1266.7,1281.0,1285.8,1272.85,0.39,496.4115,1995,35.01348335692751,8607.94,20.167241355241305
2015,Canarias,canarias,1302.7,1318.3,1311.7,1324.3,1314.25,0.39,512.5575,1995,39.404855640367664,9064.5,26.54084011558917
2016,Canarias,canarias,1334.3,1356.1,1345.7,1374.1,1352.55,0.39,527.4945,1995,43.46740536152123,9390.19,31.087487610458876
2017,Canarias,canarias,1386.7,1403.1,1419.6,1428.1,1409.375,0.38,535.5625,1995,45.66173160844278,9577.78,33.706252704758974
2018,Canarias,canarias,1440.8,1458.2,1486.1,1484.8,1467.475,0.37,542.96575,1995,47.67525984189862,9725.29,35.76549914145717
2019,Canarias,canarias,1512.5,1517.0,1516.6,1530.9,1519.25,0.37,562.1225,1995,52.88549277827865,9932.49,38.65802074462887
2020,Canarias,canarias,1533.2,1484.1,1494.5,1510.4,1505.55,0.37,557.0535,1995,51.50683143152046,8907.37,24.347298033029485
2021,Canarias,canarias,1498.6,1521.6,1546.5,1566.5,1533.3,0.36,551.9879999999999,1995,50.12912201112121,9424.47,31.566037999246156
2022,Canarias,canarias,1594.8,1602.2,1602.3,1619.4,1604.675,0.33,529.54275,1995,44.02448626574247,9648.03,34.686945960660594
2023,Canarias,canarias,1670.3,1698.7,1733.4,1741.4,1710.95,0.32,547.504,1995,48.90956835579201,10041.48,40.17952619602696
2024,Canarias,canarias,1789.1,1811.8,1837.3,1891.1,1832.3249999999998,0.32,586.3439999999999,1995,59.47323115083816,10559.01,47.40426898217302
2025,Canarias,canarias,1965.7,1996.8,2067.6,2146.1,2044.05,0.32,654.096,1995,77.90034962895271,,
1995,Cantabria,cantabria,750.0,751.6,714.3,735.4,737.825,0.62,457.4515,1995,0.0,7163.3,0.0
1996,Cantabria,cantabria,733.7,728.9,735.4,784.1,745.525,0.6,447.315,1995,-2.215863321029665,7318.4,2.1652031884745737
1997,Cantabria,cantabria,753.2,775.9,771.1,756.5,764.175,0.59,450.86324999999994,1995,-1.4402073225249223,7587.08,5.91598844108161
1998,Cantabria,cantabria,754.8,763.0,780.8,787.3,771.4749999999999,0.57,439.74074999999993,1995,-3.871612619042686,7939.61,10.83732357991427
1999,Cantabria,cantabria,775.9,801.9,845.7,863.6,821.775,0.56,460.194,1995,0.5995171072780359,8275.28,15.523292337330563
2000,Cantabria,cantabria,879.8,886.3,944.8,972.4,920.8249999999999,0.54,497.2455,1995,8.699064272387336,8674.65,21.098516047073268
2001,Cantabria,cantabria,1025.9,1077.9,1103.8,1115.2,1080.7,0.52,561.964,1995,22.846684293307607,9000.89,25.652841567433992
2002,Cantabria,cantabria,1173.6,1199.6,1245.1,1287.3,1226.3999999999999,0.51,625.4639999999999,1995,36.727937278596734,9300.17,29.83080423827007
2003,Cantabria,cantabria,1308.4,1324.6,1387.9,1435.0,1363.975,0.49,668.3477499999999,1995,46.10242834486276,9472.84,32.24128544106766
2004,Cantabria,cantabria,1461.0,1439.9,1525.9,1623.3,1512.525,0.48,726.0120000000001,1995,58.70797232056295,9688.88,35.25721385394998
2005,Cantabria,cantabria,1623.3,1707.7,1686.0,1729.8,1686.7,0.46,775.8820000000001,1995,69.60967446822232,9935.24,38.69641087208409
2006,Cantabria,cantabria,1832.7,1907.4,1943.1,1943.1,1906.575,0.45,857.95875,1995,87.5518497589362,10225.53,42.748872726257446
2007,Cantabria,cantabria,1986.9,2030.7,2089.2,2050.2,2039.25,0.44,897.27,1995,96.14538371827395,10482.09,46.33046221713455
2008,Cantabria,cantabria,2035.6,2076.2,2027.5,1957.7,2024.25,0.42,850.185,1995,85.85248928028435,10201.68,42.41592562087306
2009,Cantabria,cantabria,1876.5,1850.2,1803.2,1798.7,1832.15,0.42,769.503,1995,68.2152096998261,9755.29,36.18430053187778
2010,Cantabria,cantabria,1882.1,1852.2,1833.3,1854.4,1855.5,0.41,760.755,1995,66.30287582399446,9544.72,33.24473357251545
2011,Cantabria,cantabria,1749.7,1782.9,1807.9,1789.8,1782.575,0.4,713.0300000000001,1995,55.870075844105905,9153.42,27.78216743679589
2012,Cantabria,cantabria,1745.1,1771.3,1698.7,1651.1,1716.55,0.39,669.4545,1995,46.34436656126388,8623.37,20.38264487038097
2013,Cantabria,cantabria,1591.7,1596.5,1516.7,1450.0,1538.725,0.38,584.7155,1995,27.820217006611635,8445.8,17.903759440481327
2014,Cantabria,cantabria,1482.3,1504.7,1497.1,1502.8,1496.725,0.39,583.72275,1995,27.603199464861294,8607.94,20.167241355241305
2015,Cantabria,cantabria,1471.9,1512.4,1484.9,1442.4,1477.9,0.39,576.3810000000001,1995,25.998275226991296,9064.5,26.54084011558917
2016,Cantabria,cantabria,1452.2,1493.4,1458.9,1457.6,1465.525,0.39,571.55475,1995,24.943245349507002,9390.19,31.087487610458876
2017,Cantabria,cantabria,1495.4,1473.5,1477.0,1468.6,1478.625,0.38,561.8775,1995,22.827775184910326,9577.78,33.706252704758974
2018,Cantabria,cantabria,1428.1,1450.2,1437.1,1479.5,1448.725,0.37,536.02825,1995,17.177066858453838,9725.29,35.76549914145717
2019,Cantabria,cantabria,1456.2,1469.9,1490.2,1447.4,1465.9250000000002,0.37,542.3922500000001,1995,18.568252590711822,9932.49,38.65802074462887
2020,Cantabria,cantabria,1455.0,1411.9,1449.9,1432.8,1437.4,0.37,531.8380000000001,1995,16.26106811323169,8907.37,24.347298033029485
2021,Cantabria,cantabria,1441.2,1468.4,1480.5,1467.5,1464.4,0.36,527.184,1995,15.243692500735051,9424.47,31.566037999246156
2022,Cantabria,cantabria,1464.6,1509.6,1557.7,1512.7,1511.15,0.33,498.6795000000001,1995,9.01254012720476,9648.03,34.686945960660594
2023,Cantabria,cantabria,1504.4,1547.5,1564.2,1572.3,1547.1,0.32,495.072,1995,8.223931935953853,10041.48,40.17952619602696
2024,Cantabria,cantabria,1612.2,1626.5,1679.2,1700.8,1654.675,0.32,529.496,1995,15.7491012708451,10559.01,47.40426898217302
2025,Cantabria,cantabria,1772.8,1851.3,1933.5,1984.7,1885.575,0.32,603.384,1995,31.90119608308204,,
1995,Castilla-La Mancha,castilla_la_mancha,505.3,500.6,503.0,512.4,505.325,0.62,313.3015,1995,0.0,7163.3,0.0
1996,Castilla-La Mancha,castilla_la_mancha,510.1,504.2,527.8,526.6,517.175,0.6,310.30499999999995,1995,-0.9564269561428973,7318.4,2.1652031884745737
1997,Castilla-La Mancha,castilla_la_mancha,519.5,524.2,539.6,536.0,529.825,0.59,312.59675,1995,-0.2249430660242524,7587.08,5.91598844108161
1998,Castilla-La Mancha,castilla_la_mancha,532.5,529.0,531.3,538.4,532.8,0.57,303.69599999999997,1995,-3.065896588429995,7939.61,10.83732357991427
1999,Castilla-La Mancha,castilla_la_mancha,551.4,553.7,563.2,580.9,562.3,0.56,314.888,1995,0.5063812334125339,8275.28,15.523292337330563
2000,Castilla-La Mancha,castilla_la_mancha,593.9,602.2,612.8,622.2,607.775,0.54,328.1985,1995,4.754844774123335,8674.65,21.098516047073268
2001,Castilla-La Mancha,castilla_la_mancha,648.2,670.6,681.3,707.2,676.825,0.52,351.949,1995,12.335561751220482,9000.89,25.652841567433992
2002,Castilla-La Mancha,castilla_la_mancha,735.6,763.9,778.1,791.1,767.175,0.51,391.25925,1995,24.882660951192403,9300.17,29.83080423827007
2003,Castilla-La Mancha,castilla_la_mancha,820.6,857.2,889.1,929.2,874.0250000000001,0.49,428.27225000000004,1995,36.69652076354568,9472.84,32.24128544106766
2004,Castilla-La Mancha,castilla_la_mancha,956.4,1001.2,1047.3,1115.8,1030.175,0.48,494.484,1995,57.83007741743975,9688.88,35.25721385394998
2005,Castilla-La Mancha,castilla_la_mancha,1180.7,1218.5,1255.1,1278.9,1233.3,0.46,567.318,1995,81.07733285668917,9935.24,38.69641087208409
2006,Castilla-La Mancha,castilla_la_mancha,1321.2,1356.6,1362.5,1401.6,1360.475,0.45,612.21375,1995,95.40721956326416,10225.53,42.748872726257446
2007,Castilla-La Mancha,castilla_la_mancha,1407.4,1417.7,1433.4,1438.0,1424.125,0.44,626.615,1995,100.00383017636368,10482.09,46.33046221713455
2008,Castilla-La Mancha,castilla_la_mancha,1447.5,1429.8,1388.5,1342.5,1402.075,0.42,588.8715,1995,87.95680837787243,10201.68,42.41592562087306
2009,Castilla-La Mancha,castilla_la_mancha,1279.9,1244.1,1223.6,1238.6,1246.55,0.42,523.5509999999999,1995,67.10772211432119,9755.29,36.18430053187778
2010,Castilla-La Mancha,castilla_la_mancha,1235.0,1258.0,1240.3,1239.1,1243.1,0.41,509.67099999999994,1995,62.677484787018244,9544.72,33.24473357251545
2011,Castilla-La Mancha,castilla_la_mancha,1198.1,1168.1,1161.7,1165.3,1173.3,0.4,469.32,1995,49.79819758283954,9153.42,27.78216743679589
2012,Castilla-La Mancha,castilla_la_mancha,1110.0,1074.0,1038.6,1034.4,1064.25,0.39,415.0575,1995,32.478618838403285,8623.37,20.38264487038097
2013,Castilla-La Mancha,castilla_la_mancha,986.7,950.2,928.5,907.2,943.1500000000001,0.38,358.39700000000005,1995,14.39364318396179,8445.8,17.903759440481327
2014,Castilla-La Mancha,castilla_la_mancha,893.5,899.1,890.2,879.1,890.475,0.39,347.28525,1995,10.846979666551238,8607.94,20.167241355241305
2015,Castilla-La Mancha,castilla_la_mancha,882.9,885.9,881.7,891.9,885.6,0.39,345.384,1995,10.240136098933462,9064.5,26.54084011558917
2016,Castilla-La Mancha,castilla_la_mancha,882.5,876.1,872.9,881.3,878.2,0.39,342.49800000000005,1995,9.318978683472645,9390.19,31.087487610458876
2017,Castilla-La Mancha,castilla_la_mancha,878.9,874.2,873.9,874.2,875.3,0.38,332.614,1995,6.164190085269294,9577.78,33.706252704758974
2018,Castilla-La Mancha,castilla_la_mancha,869.5,864.9,875.2,890.0,874.9,0.37,323.71299999999997,1995,3.3231567675226614,9725.29,35.76549914145717
2019,Castilla-La Mancha,castilla_la_mancha,885.7,877.6,884.5,888.0,883.95,0.37,327.0615,1995,4.391935563666327,9932.49,38.65802074462887
2020,Castilla-La Mancha,castilla_la_mancha,873.2,855.6,875.3,886.0,872.525,0.37,322.83425,1995,3.042676144225287,8907.37,24.347298033029485
2021,Castilla-La Mancha,castilla_la_mancha,870.4,882.4,887.1,897.1,884.25,0.36,318.33,1995,1.6050034870564112,9424.47,31.566037999246156
2022,Castilla-La Mancha,castilla_la_mancha,913.0,913.3,913.2,919.1,914.65,0.33,301.8345,1995,-3.66005269684313,9648.03,34.686945960660594
2023,Castilla-La Mancha,castilla_la_mancha,929.1,939.9,947.8,942.7,939.875,0.32,300.76,1995,-4.003013072072747,10041.48,40.17952619602696
2024,Castilla-La Mancha,castilla_la_mancha,956.2,964.8,977.7,1002.8,975.375,0.32,312.12,1995,-0.3771127811389219,10559.01,47.40426898217302
2025,Castilla-La Mancha,castilla_la_mancha,1036.5,1059.8,1079.8,1119.4,1073.875,0.32,343.64,1995,9.683483800747839,,
1995,Castilla y León,castilla_y_leon,616.9,631.6,641.4,635.3,631.3,0.62,391.40599999999995,1995,0.0,7163.3,0.0
1996,Castilla y León,castilla_y_leon,618.1,641.4,636.5,632.8,632.2,0.6,379.32,1995,-3.0878422916357895,7318.4,2.1652031884745737
1997,Castilla y León,castilla_y_leon,640.2,648.8,646.3,652.5,646.95,0.59,381.70050000000003,1995,-2.4796502864033565,7587.08,5.91598844108161
1998,Castilla y León,castilla_y_leon,657.4,677.1,686.9,694.3,678.925,0.57,386.98724999999996,1995,-1.1289428368497112,7939.61,10.83732357991427
1999,Castilla y León,castilla_y_leon,696.7,725.0,736.1,745.9,725.925,0.56,406.51800000000003,1995,3.8609525658779065,8275.28,15.523292337330563
2000,Castilla y León,castilla_y_leon,766.8,785.2,813.5,820.8,796.575,0.54,430.1505000000001,1995,9.898800733764968,8674.65,21.098516047073268
2001,Castilla y León,castilla_y_leon,844.2,865.1,877.4,887.2,868.475,0.52,451.607,1995,15.3807044347813,9000.89,25.652841567433992
2002,Castilla y León,castilla_y_leon,900.7,926.5,959.7,962.2,937.2750000000001,0.51,478.01025000000004,1995,22.126449262402748,9300.17,29.83080423827007
2003,Castilla y León,castilla_y_leon,970.8,1001.5,1040.8,1053.1,1016.55,0.49,498.10949999999997,1995,27.261590266884017,9472.84,32.24128544106766
2004,Castilla y León,castilla_y_leon,1067.8,1150.2,1162.4,1228.8,1152.3,0.48,553.1039999999999,1995,41.31209025921934,9688.88,35.25721385394998
2005,Castilla y León,castilla_y_leon,1228.8,1291.5,1297.6,1321.0,1284.725,0.46,590.9735,1995,50.98733795598434,9935.24,38.69641087208409
2006,Castilla y León,castilla_y_leon,1373.8,1416.8,1424.2,1451.2,1416.5,0.45,637.4250000000001,1995,62.8551938396448,10225.53,42.748872726257446
2007,Castilla y León,castilla_y_leon,1480.7,1502.8,1505.3,1517.6,1501.6,0.44,660.704,1995,68.80272658058387,10482.09,46.33046221713455
2008,Castilla y León,castilla_y_leon,1522.5,1509.0,1489.3,1459.8,1495.15,0.42,627.963,1995,60.43775516982368,10201.68,42.41592562087306
2009,Castilla y León,castilla_y_leon,1416.8,1399.8,1382.9,1388.6,1397.025,0.42,586.7505,1995,49.90840712712632,9755.29,36.18430053187778
2010,Castilla y León,castilla_y_leon,1395.9,1392.3,1369.0,1380.0,1384.3,0.41,567.563,1995,45.006208387198974,9544.72,33.24473357251545
2011,Castilla y León,castilla_y_leon,1331.4,1312.1,1285.6,1292.0,1305.275,0.4,522.11,1995,33.39345845490362,9153.42,27.78216743679589
2012,Castilla y León,castilla_y_leon,1233.2,1229.7,1206.6,1202.6,1218.025,0.39,475.02975000000004,1995,21.364963746084655,8623.37,20.38264487038097
2013,Castilla y León,castilla_y_leon,1160.7,1128.2,1101.1,1086.4,1119.1,0.38,425.258,1995,8.64881989545383,8445.8,17.903759440481327
2014,Castilla y León,castilla_y_leon,1083.5,1060.7,1058.1,1046.1,1062.1,0.39,414.219,1995,5.828474780662551,8607.94,20.167241355241305
2015,Castilla y León,castilla_y_leon,1043.2,1050.7,1063.1,1073.2,1057.55,0.39,412.4445,1995,5.375109221626673,9064.5,26.54084011558917
2016,Castilla y León,castilla_y_leon,1063.6,1062.9,1048.4,1056.8,1057.925,0.39,412.59075,1995,5.412474514953791,9390.19,31.087487610458876
2017,Castilla y León,castilla_y_leon,1052.2,1044.8,1042.8,1046.6,1046.6,0.38,397.70799999999997,1995,1.6100928447698948,9577.78,33.706252704758974
2018,Castilla y León,castilla_y_leon,1045.4,1036.1,1037.1,1045.8,1041.1,0.37,385.20699999999994,1995,-1.5837774587001752,9725.29,35.76549914145717
2019,Castilla y León,castilla_y_leon,1049.6,1034.0,1037.5,1039.2,1040.075,0.37,384.82775000000004,1995,-1.6806717321655507,9932.49,38.65802074462887
2020,Castilla y León,castilla_y_leon,1036.7,1024.6,1024.8,1023.1,1027.3,0.37,380.101,1995,-2.888305238039257,8907.37,24.347298033029485
2021,Castilla y León,castilla_y_leon,1015.4,1011.8,1030.2,1034.0,1022.85,0.36,368.226,1995,-5.922239311609923,9424.47,31.566037999246156
2022,Castilla y León,castilla_y_leon,1045.0,1052.4,1044.9,1052.3,1048.65,0.33,346.0545,1995,-11.586817780003356,9648.03,34.686945960660594
2023,Castilla y León,castilla_y_leon,1056.6,1056.2,1054.0,1073.1,1059.975,0.32,339.19199999999995,1995,-13.340112313045793,10041.48,40.17952619602696
2024,Castilla y León,castilla_y_leon,1080.3,1083.0,1096.6,1111.4,1092.825,0.32,349.704,1995,-10.654409998824732,10559.01,47.40426898217302
2025,Castilla y León,castilla_y_leon,1140.7,1172.5,1203.7,1233.7,1187.65,0.32,380.04800000000006,1995,-2.901846164851818,,
1995,Cataluña,cataluna,735.0,744.6,750.4,754.3,746.075,0.62,462.5665,1995,0.0,7163.3,0.0
1996,Cataluña,cataluna,754.3,758.1,765.9,777.4,763.925,0.6,458.35499999999996,1995,-0.9104636846810288,7318.4,2.1652031884745737
1997,Cataluña,cataluna,781.3,787.1,792.9,802.5,790.95,0.59,466.6605,1995,0.8850619316357777,7587.08,5.91598844108161
1998,Cataluña,cataluna,812.2,833.4,860.4,883.5,847.375,0.57,483.00374999999997,1995,4.418229595096035,7939.61,10.83732357991427
1999,Cataluña,cataluna,918.3,949.1,974.2,1014.7,964.075,0.56,539.8820000000001,1995,16.714461596332654,8275.28,15.523292337330563
2000,Cataluña,cataluna,1039.8,1078.4,1107.3,1144.0,1092.375,0.54,589.8825,1995,27.523826303893607,8674.65,21.098516047073268
2001,Cataluña,cataluna,1178.7,1217.3,1230.8,1275.1,1225.475,0.52,637.247,1995,37.76332700271203,9000.89,25.652841567433992
2002,Cataluña,cataluna,1306.0,1340.7,1363.9,1410.2,1355.2,0.51,691.152,1995,49.416786559337964,9300.17,29.83080423827007
2003,Cataluña,cataluna,1456.5,1520.1,1562.6,1632.0,1542.8,0.49,755.972,1995,63.42990683501721,9472.84,32.24128544106766
2004,Cataluña,cataluna,1668.7,1788.3,1838.4,1923.3,1804.675,0.48,866.2439999999999,1995,87.26907374399137,9688.88,35.25721385394998
2005,Cataluña,cataluna,1929.1,1992.8,2037.1,2092.1,2012.7749999999999,0.46,925.8765,1995,100.16073364586498,9935.24,38.69641087208409
2006,Cataluña,cataluna,2176.0,2255.1,2278.3,2316.8,2256.55,0.45,1015.4475000000001,1995,119.524652131099,10225.53,42.748872726257446
2007,Cataluña,cataluna,2357.4,2382.3,2399.8,2450.8,2397.5750000000003,0.44,1054.9330000000002,1995,128.06083017252655,10482.09,46.33046221713455
2008,Cataluña,cataluna,2457.6,2490.5,2470.8,2434.5,2463.35,0.42,1034.607,1995,123.66665117339886,10201.68,42.41592562087306
2009,Cataluña,cataluna,2361.2,2304.5,2260.9,2286.0,2303.15,0.42,967.323,1995,109.12085073173263,9755.29,36.18430053187778
2010,Cataluña,cataluna,2245.8,2253.2,2222.3,2211.1,2233.1,0.41,915.5709999999999,1995,97.93283776494836,9544.72,33.24473357251545
2011,Cataluña,cataluna,2145.2,2132.3,2077.0,2039.5,2098.5,0.4,839.4000000000001,1995,81.46580005253298,9153.42,27.78216743679589
2012,Cataluña,cataluna,1959.9,1895.2,1845.9,1810.8,1877.95,0.39,732.4005000000001,1995,58.33409898901023,8623.37,20.38264487038097
2013,Cataluña,cataluna,1752.9,1691.5,1681.4,1665.8,1697.9,0.38,645.202,1995,39.48307973015772,8445.8,17.903759440481327
2014,Cataluña,cataluna,1657.9,1658.3,1662.9,1671.3,1662.6,0.39,648.414,1995,40.17746637510498,8607.94,20.167241355241305
2015,Cataluña,cataluna,1654.6,1680.8,1682.1,1721.1,1684.6499999999999,0.39,657.0135,1995,42.03655042031795,9064.5,26.54084011558917
2016,Cataluña,cataluna,1735.2,1757.8,1762.1,1796.7,1762.95,0.39,687.5505,1995,48.638195805359885,9390.19,31.087487610458876
2017,Cataluña,cataluna,1829.1,1834.0,1871.4,1892.6,1856.775,0.38,705.5745000000001,1995,52.53471662993321,9577.78,33.706252704758974
2018,Cataluña,cataluna,1906.0,1948.6,1961.4,2002.0,1954.5,0.37,723.165,1995,56.33752119965452,9725.29,35.76549914145717
2019,Cataluña,cataluna,2018.9,2032.0,2028.6,2037.3,2029.2,0.37,750.804,1995,62.312662071291356,9932.49,38.65802074462887
2020,Cataluña,cataluna,2030.2,1986.9,1998.9,1991.6,2001.9,0.37,740.703,1995,60.1289760499301,8907.37,24.347298033029485
2021,Cataluña,cataluna,2016.2,2041.1,2037.6,2090.9,2046.45,0.36,736.722,1995,59.26834303824422,9424.47,31.566037999246156
2022,Cataluña,cataluna,2160.1,2139.6,2129.7,2145.3,2143.675,0.33,707.4127500000001,1995,52.9321189493835,9648.03,34.686945960660594
2023,Cataluña,cataluna,2186.3,2171.6,2198.7,2232.9,2197.375,0.32,703.16,1995,52.0127376279951,10041.48,40.17952619602696
2024,Cataluña,cataluna,2265.6,2287.0,2303.2,2369.9,2306.425,0.32,738.056,1995,59.55673400473229,10559.01,47.40426898217302
2025,Cataluña,cataluna,2453.7,2499.6,2548.0,2641.6,2535.725,0.32,811.432,1995,75.41953427236949,,
2004,Ceuta y Melilla,ceuta_y_melilla,1130.4,1207.8,1169.7,1196.8,1176.175,0.48,564.564,2004,0.0,9688.88,35.25721385394998
2005,Ceuta y Melilla,ceuta_y_melilla,1228.7,1320.9,1369.9,1330.4,1312.4750000000001,0.46,603.7385,2004,6.938894438894461,9935.24,38.69641087208409
2006,Ceuta y Melilla,ceuta_y_melilla,1376.1,1472.0,1543.6,1546.2,1484.475,0.45,668.01375,2004,18.32383042489425,10225.53,42.748872726257446
2007,Ceuta y Melilla,ceuta_y_melilla,1565.5,1610.7,1635.7,1667.3,1619.8,0.44,712.712,2004,26.241134751773053,10482.09,46.33046221713455
2008,Ceuta y Melilla,ceuta_y_melilla,1669.0,1707.9,1749.7,1748.9,1718.875,0.42,721.9275,2004,27.873456330903146,10201.68,42.41592562087306
2009,Ceuta y Melilla,ceuta_y_melilla,1686.8,1699.1,1696.1,1685.8,1691.9499999999998,0.42,710.6189999999999,2004,25.87040618955512,9755.29,36.18430053187778
2010,Ceuta y Melilla,ceuta_y_melilla,1653.6,1701.6,1679.5,1703.9,1684.65,0.41,690.7065,2004,22.3433481412205,9544.72,33.24473357251545
2011,Ceuta y Melilla,ceuta_y_melilla,1630.4,1694.1,1673.8,1670.5,1667.2,0.4,666.8800000000001,2004,18.123011740033036,9153.42,27.78216743679589
2012,Ceuta y Melilla,ceuta_y_melilla,1672.2,1660.2,1644.9,1570.9,1637.0500000000002,0.39,638.4495000000001,2004,13.087178778668163,8623.37,20.38264487038097
2013,Ceuta y Melilla,ceuta_y_melilla,1588.2,1585.0,1571.5,1579.0,1580.925,0.38,600.7515,2004,6.409813590664659,8445.8,17.903759440481327
2014,Ceuta y Melilla,ceuta_y_melilla,1586.6,1556.2,1577.5,1578.2,1574.625,0.39,614.10375,2004,8.774868748273,8607.94,20.167241355241305
2015,Ceuta y Melilla,ceuta_y_melilla,1565.2,1542.8,1558.7,1550.0,1554.175,0.39,606.12825,2004,7.362185686653766,9064.5,26.54084011558917
2016,Ceuta y Melilla,ceuta_y_melilla,1560.8,1577.8,1577.0,1595.8,1577.85,0.39,615.3615,2004,8.997651284885322,9390.19,31.087487610458876
2017,Ceuta y Melilla,ceuta_y_melilla,1628.8,1671.1,1643.6,1618.9,1640.6,0.38,623.428,2004,10.426452979644484,9577.78,33.706252704758974
2018,Ceuta y Melilla,ceuta_y_melilla,1653.1,1654.3,1643.6,1658.1,1652.2749999999999,0.37,611.3417499999999,2004,8.285641663301234,9725.29,35.76549914145717
2019,Ceuta y Melilla,ceuta_y_melilla,1693.5,1673.0,1686.9,1688.5,1685.475,0.37,623.6257499999999,2004,10.461480009352343,9932.49,38.65802074462887
2020,Ceuta y Melilla,ceuta_y_melilla,1674.2,1689.1,1735.6,1710.7,1702.4,0.37,629.888,2004,11.570698804741376,8907.37,24.347298033029485
2021,Ceuta y Melilla,ceuta_y_melilla,1706.2,1732.2,1738.1,1699.8,1719.075,0.36,618.867,2004,9.618572916445256,9424.47,31.566037999246156
2022,Ceuta y Melilla,ceuta_y_melilla,1765.7,1800.8,1796.5,1823.0,1796.5,0.33,592.845,2004,5.009352349777885,9648.03,34.686945960660594
2023,Ceuta y Melilla,ceuta_y_melilla,1800.5,1829.1,1866.3,1827.3,1830.8,0.32,585.856,2004,3.771405899065483,10041.48,40.17952619602696
2024,Ceuta y Melilla,ceuta_y_melilla,1898.5,1922.9,1904.6,1937.5,1915.875,0.32,613.08,2004,8.593534125449033,10559.01,47.40426898217302
2025,Ceuta y Melilla,ceuta_y_melilla,1966.6,2027.2,2023.7,2107.5,2031.25,0.32,650.0,2004,15.133093856498125,,
1995,Comunidad Valenciana,comunidad_valenciana,479.2,479.2,488.6,490.0,484.25,0.62,300.235,1995,0.0,7163.3,0.0
1996,Comunidad Valenciana,comunidad_valenciana,496.7,499.4,508.9,506.2,502.79999999999995,0.6,301.67999999999995,1995,0.48128965643576826,7318.4,2.1652031884745737
1997,Comunidad Valenciana,comunidad_valenciana,515.6,519.7,522.4,522.4,520.025,0.59,306.81474999999995,1995,2.1915332989158376,7587.08,5.91598844108161
1998,Comunidad Valenciana,comunidad_valenciana,537.2,556.1,566.9,572.3,558.125,0.57,318.13124999999997,1995,5.96074741452528,7939.61,10.83732357991427
1999,Comunidad Valenciana,comunidad_valenciana,592.6,619.6,625.0,638.5,618.925,0.56,346.598,1995,15.442236914417041,8275.28,15.523292337330563
2000,Comunidad Valenciana,comunidad_valenciana,673.6,691.1,710.0,728.9,700.9,0.54,378.486,1995,26.063250453811172,8674.65,21.098516047073268
2001,Comunidad Valenciana,comunidad_valenciana,741.0,786.9,811.2,845.0,796.025,0.52,413.933,1995,37.86966875947173,9000.89,25.652841567433992
2002,Comunidad Valenciana,comunidad_valenciana,861.2,897.6,953.0,975.9,921.925,0.51,470.18174999999997,1995,56.60457641514145,9300.17,29.83080423827007
2003,Comunidad Valenciana,comunidad_valenciana,1011.0,1054.2,1085.2,1112.2,1065.65,0.49,522.1685,1995,73.91992938864556,9472.84,32.24128544106766
2004,Comunidad Valenciana,comunidad_valenciana,1140.6,1189.2,1252.6,1279.6,1215.5,0.48,583.4399999999999,1995,94.3277765750162,9688.88,35.25721385394998
2005,Comunidad Valenciana,comunidad_valenciana,1349.8,1428.1,1456.7,1490.2,1431.2,0.46,658.3520000000001,1995,119.27889819641284,9935.24,38.69641087208409
2006,Comunidad Valenciana,comunidad_valenciana,1537.4,1571.2,1573.9,1598.2,1570.1750000000002,0.45,706.5787500000001,1995,135.3418988459041,10225.53,42.748872726257446
2007,Comunidad Valenciana,comunidad_valenciana,1626.5,1649.5,1641.4,1664.3,1645.425,0.44,723.987,1995,141.14010691624893,10482.09,46.33046221713455
2008,Comunidad Valenciana,comunidad_valenciana,1684.6,1698.0,1658.9,1640.3,1670.45,0.42,701.5889999999999,1995,133.67995070528082,10201.68,42.41592562087306
2009,Comunidad Valenciana,comunidad_valenciana,1573.9,1544.0,1542.8,1505.7,1541.6,0.42,647.472,1995,115.6550701950139,9755.29,36.18430053187778
2010,Comunidad Valenciana,comunidad_valenciana,1476.7,1459.1,1433.5,1442.9,1453.05,0.41,595.7505,1995,98.42806468266522,9544.72,33.24473357251545
2011,Comunidad Valenciana,comunidad_valenciana,1383.5,1347.1,1357.9,1340.4,1357.225,0.4,542.89,1995,80.82168967642012,9153.42,27.78216743679589
2012,Comunidad Valenciana,comunidad_valenciana,1271.4,1225.9,1204.1,1149.1,1212.625,0.39,472.92375000000004,1995,57.517861008876395,8623.37,20.38264487038097
2013,Comunidad Valenciana,comunidad_valenciana,1143.0,1145.1,1154.1,1128.3,1142.625,0.38,434.1975,1995,44.619214948290484,8445.8,17.903759440481327
2014,Comunidad Valenciana,comunidad_valenciana,1114.9,1122.8,1116.0,1135.3,1122.25,0.39,437.6775,1995,45.77830699285559,8607.94,20.167241355241305
2015,Comunidad Valenciana,comunidad_valenciana,1122.6,1139.9,1139.6,1150.7,1138.2,0.39,443.898,1995,47.850184022515705,9064.5,26.54084011558917
2016,Comunidad Valenciana,comunidad_valenciana,1149.9,1150.2,1161.2,1151.4,1153.1750000000002,0.39,449.7382500000001,1995,49.79541026196151,9390.19,31.087487610458876
2017,Comunidad Valenciana,comunidad_valenciana,1158.0,1149.6,1144.5,1157.7,1152.45,0.38,437.93100000000004,1995,45.862740852998485,9577.78,33.706252704758974
2018,Comunidad Valenciana,comunidad_valenciana,1176.6,1181.0,1167.4,1200.8,1181.45,0.37,437.1365,1995,45.59811481006544,9725.29,35.76549914145717
2019,Comunidad Valenciana,comunidad_valenciana,1225.7,1226.8,1217.1,1232.0,1225.4,0.37,453.398,1995,51.01437207520776,9932.49,38.65802074462887
2020,Comunidad Valenciana,comunidad_valenciana,1214.2,1183.7,1208.3,1217.8,1206.0,0.37,446.21999999999997,1995,48.62357819707894,8907.37,24.347298033029485
2021,Comunidad Valenciana,comunidad_valenciana,1220.6,1245.2,1254.8,1294.5,1253.775,0.36,451.35900000000004,1995,50.33523739737207,9424.47,31.566037999246156
2022,Comunidad Valenciana,comunidad_valenciana,1320.4,1316.0,1313.0,1317.8,1316.8,0.33,434.544,1995,44.734624544107106,9648.03,34.686945960660594
2023,Comunidad Valenciana,comunidad_valenciana,1363.5,1370.9,1398.9,1434.0,1391.825,0.32,445.384,1995,48.34512964844204,10041.48,40.17952619602696
2024,Comunidad Valenciana,comunidad_valenciana,1459.2,1473.0,1514.5,1559.5,1501.55,0.32,480.496,1995,60.03996869119188,10559.01,47.40426898217302
2025,Comunidad Valenciana,comunidad_valenciana,1618.9,1671.8,1734.8,1805.8,1707.825,0.32,546.504,1995,82.02541342614951,,
1995,Extremadura,extremadura,394.7,399.8,399.8,400.6,398.725,0.62,247.20950000000002,1995,0.0,7163.3,0.0
1996,Extremadura,extremadura,401.4,413.1,412.3,419.8,411.65,0.6,246.98999999999998,1995,-0.0887910861031016,7318.4,2.1652031884745737
1997,Extremadura,extremadura,413.1,416.5,403.9,406.4,409.975,0.59,241.88525,1995,-2.1537400463979006,7587.08,5.91598844108161
1998,Extremadura,extremadura,415.6,419.8,433.2,438.2,426.7,0.57,243.21899999999997,1995,-1.6142179002020751,7939.61,10.83732357991427
1999,Extremadura,extremadura,441.6,450.8,457.5,462.5,453.1,0.56,253.73600000000005,1995,2.6400684439716215,8275.28,15.523292337330563
2000,Extremadura,extremadura,476.7,477.5,488.4,506.8,487.35,0.54,263.16900000000004,1995,6.455860312811601,8674.65,21.098516047073268
2001,Extremadura,extremadura,517.7,530.2,551.1,557.0,539.0,0.52,280.28000000000003,1995,13.377519876865573,9000.89,25.652841567433992
2002,Extremadura,extremadura,567.8,591.3,608.0,611.3,594.5999999999999,0.51,303.246,1995,22.667615928999485,9300.17,29.83080423827007
2003,Extremadura,extremadura,627.2,651.5,674.9,695.8,662.35,0.49,324.55150000000003,1995,31.286014493779568,9472.84,32.24128544106766
2004,Extremadura,extremadura,724.2,739.3,768.6,802.0,758.525,0.48,364.092,1995,47.28074770589317,9688.88,35.25721385394998
2005,Extremadura,extremadura,836.3,862.2,864.2,898.8,865.375,0.46,398.0725,1995,61.02637641352777,9935.24,38.69641087208409
2006,Extremadura,extremadura,914.9,930.8,952.5,974.2,943.1,0.45,424.39500000000004,1995,71.67422772992138,10225.53,42.748872726257446
2007,Extremadura,extremadura,978.5,1020.1,1022.0,1025.3,1011.475,0.44,445.04900000000004,1995,80.02908464278273,10482.09,46.33046221713455
2008,Extremadura,extremadura,1027.0,1025.3,1023.6,1026.1,1025.5,0.42,430.71,1995,74.22874120937905,10201.68,42.41592562087306
2009,Extremadura,extremadura,1015.3,1017.3,1019.4,1001.9,1013.4749999999999,0.42,425.6594999999999,1995,72.18573719861085,9755.29,36.18430053187778
2010,Extremadura,extremadura,999.7,1014.4,985.2,998.5,999.45,0.41,409.7745,1995,65.7600132680985,9544.72,33.24473357251545
2011,Extremadura,extremadura,984.3,975.4,994.9,981.0,983.9,0.4,393.56,1995,59.20100157963184,9153.42,27.78216743679589
2012,Extremadura,extremadura,932.9,908.1,873.8,888.7,900.875,0.39,351.34125,1995,42.1228755367411,8623.37,20.38264487038097
2013,Extremadura,extremadura,889.6,897.6,898.5,851.3,884.25,0.38,336.015,1995,35.92317447347288,8445.8,17.903759440481327
2014,Extremadura,extremadura,848.8,837.1,849.4,854.5,847.45,0.39,330.50550000000004,1995,33.6944979865256,8607.94,20.167241355241305
2015,Extremadura,extremadura,853.6,861.1,863.0,870.9,862.15,0.39,336.2385,1995,36.01358362037057,9064.5,26.54084011558917
2016,Extremadura,extremadura,885.2,882.0,856.0,864.7,871.975,0.39,340.07025000000004,1995,37.56358473278738,9390.19,31.087487610458876
2017,Extremadura,extremadura,864.6,862.9,854.5,866.0,862.0,0.38,327.56,1995,32.50299846890996,9577.78,33.706252704758974
2018,Extremadura,extremadura,861.7,857.9,856.1,869.1,861.2,0.37,318.644,1995,28.896340957770626,9725.29,35.76549914145717
2019,Extremadura,extremadura,847.8,862.0,865.9,858.5,858.55,0.37,317.6635,1995,28.49971380549694,9932.49,38.65802074462887
2020,Extremadura,extremadura,867.8,850.1,844.4,852.3,853.65,0.37,315.8505,1995,27.766327750349397,8907.37,24.347298033029485
2021,Extremadura,extremadura,833.5,843.9,856.6,863.4,849.35,0.36,305.766,1995,23.686994229590685,9424.47,31.566037999246156
2022,Extremadura,extremadura,864.5,876.8,867.6,864.2,868.275,0.33,286.53075,1995,15.906043254810175,9648.03,34.686945960660594
2023,Extremadura,extremadura,880.4,876.9,868.5,883.6,877.35,0.32,280.752,1995,13.568451050627095,10041.48,40.17952619602696
2024,Extremadura,extremadura,888.3,898.7,901.6,905.1,898.425,0.32,287.496,1995,16.296501550304487,10559.01,47.40426898217302
2025,Extremadura,extremadura,913.1,919.9,936.2,933.0,925.55,0.32,296.176,1995,19.80769347456306,,
1995,Galicia,galicia,584.5,618.8,599.4,607.4,602.525,0.62,373.5655,1995,0.0,7163.3,0.0
1996,Galicia,galicia,600.5,601.7,606.3,622.3,607.7,0.6,364.62,1995,-2.394626912817155,7318.4,2.1652031884745737
1997,Galicia,galicia,607.4,622.3,618.8,629.1,619.4,0.59,365.44599999999997,1995,-2.173514417150413,7587.08,5.91598844108161
1998,Galicia,galicia,639.4,647.4,658.9,663.5,652.3,0.57,371.8109999999999,1995,-0.46966328528733614,7939.61,10.83732357991427
1999,Galicia,galicia,662.3,668.0,678.3,682.9,672.875,0.56,376.81000000000006,1995,0.8685223876402137,8275.28,15.523292337330563
2000,Galicia,galicia,694.3,713.8,741.2,752.7,725.5,0.54,391.77000000000004,1995,4.873174851532069,8674.65,21.098516047073268
2001,Galicia,galicia,767.6,768.7,788.1,800.7,781.2750000000001,0.52,406.26300000000003,1995,8.752815771263677,9000.89,25.652841567433992
2002,Galicia,galicia,792.7,832.8,873.9,886.5,846.475,0.51,431.70225,1995,15.562665717257085,9300.17,29.83080423827007
2003,Galicia,galicia,898.0,910.5,952.9,987.2,937.15,0.49,459.20349999999996,1995,22.924493830399207,9472.84,32.24128544106766
2004,Galicia,galicia,1006.6,1028.4,1091.3,1114.2,1060.125,0.48,508.85999999999996,1995,36.217075720322136,9688.88,35.25721385394998
2005,Galicia,galicia,1143.9,1175.9,1238.8,1282.2,1210.2,0.46,556.692,1995,49.02125597786735,9935.24,38.69641087208409
2006,Galicia,galicia,1309.8,1402.4,1415.7,1448.0,1393.975,0.45,627.2887499999999,1995,67.91934747721618,10225.53,42.748872726257446
2007,Galicia,galicia,1471.1,1512.2,1516.8,1547.7,1511.95,0.44,665.258,1995,78.08336155239178,10482.09,46.33046221713455
2008,Galicia,galicia,1571.7,1560.8,1566.0,1510.8,1552.325,0.42,651.9765,1995,74.52802788266047,10201.68,42.41592562087306
2009,Galicia,galicia,1471.2,1441.4,1426.4,1467.8,1451.7,0.42,609.7139999999999,1995,63.214750826829544,9755.29,36.18430053187778
2010,Galicia,galicia,1460.0,1449.1,1440.3,1470.0,1454.85,0.41,596.4884999999999,1995,59.674407834770605,9544.72,33.24473357251545
2011,Galicia,galicia,1405.0,1402.1,1396.9,1373.2,1394.3,0.4,557.72,1995,49.296441989423556,9153.42,27.78216743679589
2012,Galicia,galicia,1302.3,1294.5,1255.7,1204.2,1264.175,0.39,493.02825,1995,31.979063912486573,8623.37,20.38264487038097
2013,Galicia,galicia,1207.8,1218.0,1204.6,1210.0,1210.1,0.38,459.83799999999997,1995,23.094343562240095,8445.8,17.903759440481327
2014,Galicia,galicia,1194.7,1176.6,1167.2,1176.5,1178.75,0.39,459.71250000000003,1995,23.060748382813735,8607.94,20.167241355241305
2015,Galicia,galicia,1167.4,1179.6,1179.6,1186.8,1178.35,0.39,459.55649999999997,1995,23.0189886378694,9064.5,26.54084011558917
2016,Galicia,galicia,1197.5,1196.7,1185.4,1189.8,1192.35,0.39,465.0165,1995,24.480579710920857,9390.19,31.087487610458876
2017,Galicia,galicia,1179.6,1186.6,1198.8,1185.2,1187.55,0.38,451.269,1995,20.80050218770202,9577.78,33.706252704758974
2018,Galicia,galicia,1188.9,1197.7,1177.9,1193.2,1189.4250000000002,0.37,440.08725000000004,1995,17.80725200801467,9725.29,35.76549914145717
2019,Galicia,galicia,1190.4,1203.2,1197.4,1205.4,1199.1000000000001,0.37,443.66700000000003,1995,18.76551769368424,9932.49,38.65802074462887
2020,Galicia,galicia,1198.2,1185.3,1201.6,1206.2,1197.825,0.37,443.19525,1995,18.63923461882857,8907.37,24.347298033029485
2021,Galicia,galicia,1210.2,1206.4,1212.5,1224.5,1213.4,0.36,436.824,1995,16.933710420260972,9424.47,31.566037999246156
2022,Galicia,galicia,1236.7,1265.7,1267.7,1256.8,1256.725,0.33,414.71925,1995,11.016475022452553,9648.03,34.686945960660594
2023,Galicia,galicia,1286.3,1293.1,1303.3,1312.4,1298.775,0.32,415.60800000000006,1995,11.25438510783252,10041.48,40.17952619602696
2024,Galicia,galicia,1338.4,1344.6,1386.7,1391.9,1365.4,0.32,436.92800000000005,1995,16.96155025022388,10559.01,47.40426898217302
2025,Galicia,galicia,1435.9,1489.9,1517.5,1556.0,1499.825,0.32,479.944,1995,28.476532227949324,,
1995,Rioja (La),la_rioja,588.6,598.4,594.2,631.9,603.275,0.62,374.03049999999996,1995,0.0,7163.3,0.0
1996,Rioja (La),la_rioja,625.0,612.4,622.2,599.8,614.85,0.6,368.91,1995,-1.3690060035210894,7318.4,2.1652031884745737
1997,Rioja (La),la_rioja,629.1,611.0,615.2,613.8,617.275,0.59,364.19224999999994,1995,-2.630333622525438,7587.08,5.91598844108161
1998,Rioja (La),la_rioja,601.2,611.0,630.5,638.9,620.4,0.57,353.62799999999993,1995,-5.45476906295076,7939.61,10.83732357991427
1999,Rioja (La),la_rioja,680.9,713.0,710.2,728.4,708.125,0.56,396.55,1995,6.020765686220786,8275.28,15.523292337330563
2000,Rioja (La),la_rioja,755.0,798.3,812.3,815.1,795.175,0.54,429.3945,1995,14.802001441058966,8674.65,21.098516047073268
2001,Rioja (La),la_rioja,880.8,914.4,933.9,957.7,921.7,0.52,479.28400000000005,1995,28.14035219052995,9000.89,25.652841567433992
2002,Rioja (La),la_rioja,1015.0,1038.8,1044.4,1079.3,1044.375,0.51,532.63125,1995,42.40315963537735,9300.17,29.83080423827007
2003,Rioja (La),la_rioja,1131.1,1174.4,1142.2,1192.6,1160.075,0.49,568.43675,1995,51.976042060741044,9472.84,32.24128544106766
2004,Rioja (La),la_rioja,1248.5,1255.5,1234.5,1286.3,1256.2,0.48,602.976,1995,61.21038257575253,9688.88,35.25721385394998
2005,Rioja (La),la_rioja,1398.1,1392.5,1427.5,1457.5,1418.9,0.46,652.6940000000001,1995,74.5028814495075,9935.24,38.69641087208409
2006,Rioja (La),la_rioja,1558.9,1591.0,1629.4,1600.8,1595.025,0.45,717.76125,1995,91.89912319984603,10225.53,42.748872726257446
2007,Rioja (La),la_rioja,1600.0,1593.4,1588.2,1620.8,1600.6,0.44,704.264,1995,88.29052710942025,10482.09,46.33046221713455
2008,Rioja (La),la_rioja,1644.2,1616.2,1561.7,1525.3,1586.85,0.42,666.477,1995,78.18787505297028,10201.68,42.41592562087306
2009,Rioja (La),la_rioja,1533.7,1556.7,1539.3,1532.3,1540.5,0.42,647.01,1995,72.98321928291946,9755.29,36.18430053187778
2010,Rioja (La),la_rioja,1498.8,1516.9,1501.6,1463.8,1495.275,0.41,613.06275,1995,63.90715463043792,9544.72,33.24473357251545
2011,Rioja (La),la_rioja,1463.8,1433.1,1388.7,1347.0,1408.15,0.4,563.2600000000001,1995,50.591997176700865,9153.42,27.78216743679589
2012,Rioja (La),la_rioja,1347.7,1347.7,1307.2,1307.2,1327.45,0.39,517.7055,1995,38.41264281923535,8623.37,20.38264487038097
2013,Rioja (La),la_rioja,1234.0,1174.8,1141.9,1092.8,1160.875,0.38,441.1325,1995,17.94024818831621,8445.8,17.903759440481327
2014,Rioja (La),la_rioja,1100.6,1118.0,1092.4,1061.9,1093.225,0.39,426.35774999999995,1995,13.990102411434368,8607.94,20.167241355241305
2015,Rioja (La),la_rioja,1095.4,1103.8,1124.3,1096.0,1104.875,0.39,430.90125,1995,15.204842920563987,9064.5,26.54084011558917
2016,Rioja (La),la_rioja,1072.4,1103.1,1067.2,1098.3,1085.25,0.39,423.2475,1995,13.15855257793148,9390.19,31.087487610458876
2017,Rioja (La),la_rioja,1076.6,1100.9,1071.7,1078.0,1081.8,0.38,411.084,1995,9.906545054480853,9577.78,33.706252704758974
2018,Rioja (La),la_rioja,1078.7,1110.9,1136.0,1129.7,1113.825,0.37,412.11525,1995,10.182257863997734,9725.29,35.76549914145717
2019,Rioja (La),la_rioja,1128.6,1088.1,1073.6,1108.4,1099.675,0.37,406.87975,1995,8.782505704748678,9932.49,38.65802074462887
2020,Rioja (La),la_rioja,1102.7,1077.0,1089.9,1111.4,1095.25,0.37,405.2425,1995,8.34477402243936,8907.37,24.347298033029485
2021,Rioja (La),la_rioja,1079.0,1089.3,1110.6,1099.7,1094.65,0.36,394.074,1995,5.35878758550441,9424.47,31.566037999246156
2022,Rioja (La),la_rioja,1128.8,1155.4,1132.4,1142.1,1139.675,0.33,376.09275,1995,0.5513587795647812,9648.03,34.686945960660594
2023,Rioja (La),la_rioja,1166.1,1184.4,1213.9,1196.6,1190.25,0.32,380.88,1995,1.831267770943823,10041.48,40.17952619602696
2024,Rioja (La),la_rioja,1232.3,1209.8,1224.1,1262.3,1232.125,0.32,394.28000000000003,1995,5.413863307938804,10559.01,47.40426898217302
2025,Rioja (La),la_rioja,1303.7,1317.3,1351.6,1367.2,1334.95,0.32,427.184,1995,14.21100685639274,,
1995,Madrid (Comunidad de),madrid,1078.4,1078.4,1086.2,1115.0,1089.5,0.62,675.49,1995,0.0,7163.3,0.0
1996,Madrid (Comunidad de),madrid,1104.5,1070.5,1065.3,1083.6,1080.975,0.6,648.5849999999999,1995,-3.983034537891028,7318.4,2.1652031884745737
1997,Madrid (Comunidad de),madrid,1054.8,1041.7,1052.2,1065.3,1053.5,0.59,621.5649999999999,1995,-7.983093754163651,7587.08,5.91598844108161
1998,Madrid (Comunidad de),madrid,1070.5,1054.8,1062.7,1062.7,1062.675,0.57,605.72475,1995,-10.328095160550122,7939.61,10.83732357991427
1999,Madrid (Comunidad de),madrid,1075.8,1104.5,1141.2,1177.8,1124.825,0.56,629.902,1995,-6.748878591837027,8275.28,15.523292337330563
2000,Madrid (Comunidad de),madrid,1201.4,1251.1,1298.2,1253.7,1251.1,0.54,675.594,1995,0.01539623088424591,8674.65,21.098516047073268
2001,Madrid (Comunidad de),madrid,1321.8,1402.9,1465.7,1533.8,1431.05,0.52,744.146,1995,10.163881034508272,9000.89,25.652841567433992
2002,Madrid (Comunidad de),madrid,1612.3,1683.0,1727.5,1868.8,1722.9,0.51,878.6790000000001,1995,30.080238049415996,9300.17,29.83080423827007
2003,Madrid (Comunidad de),madrid,1936.9,2018.0,2122.7,2185.5,2065.775,0.49,1012.2297500000001,1995,49.85118210484243,9472.84,32.24128544106766
2004,Madrid (Comunidad de),madrid,2298.1,2387.1,2423.7,2517.9,2406.7,0.48,1155.216,1995,71.01896401131029,9688.88,35.25721385394998
2005,Madrid (Comunidad de),madrid,2617.4,2701.2,2719.5,2784.8,2705.725,0.46,1244.6335,1995,84.25639165642718,9935.24,38.69641087208409
2006,Madrid (Comunidad de),madrid,2873.9,2902.7,2915.8,2955.0,2911.85,0.45,1310.3325,1995,93.98251639550548,10225.53,42.748872726257446
2007,Madrid (Comunidad de),madrid,3002.2,2989.1,3004.8,3007.4,3000.875,0.44,1320.385,1995,95.47069534708137,10482.09,46.33046221713455
2008,Madrid (Comunidad de),madrid,3004.8,2978.6,2894.8,2778.4,2914.15,0.42,1223.943,1995,81.19335593421071,10201.68,42.41592562087306
2009,Madrid (Comunidad de),madrid,2706.4,2665.8,2669.7,2620.0,2665.475,0.42,1119.4995,1995,65.7314690076833,9755.29,36.18430053187778
2010,Madrid (Comunidad de),madrid,2591.2,2552.0,2507.5,2465.6,2529.075,0.41,1036.9207499999998,1995,53.50645457371681,9544.72,33.24473357251545
2011,Madrid (Comunidad de),madrid,2360.9,2351.5,2295.1,2260.7,2317.05,0.4,926.8200000000002,1995,37.20706450132498,9153.42,27.78216743679589
2012,Madrid (Comunidad de),madrid,2181.6,2116.2,2035.8,1980.8,2078.6,0.39,810.654,1995,20.00977068498424,8623.37,20.38264487038097
2013,Madrid (Comunidad de),madrid,1998.6,2026.6,2042.8,2022.4,2022.6,0.38,768.588,1995,13.782291373669487,8445.8,17.903759440481327
2014,Madrid (Comunidad de),madrid,2010.6,2008.1,2006.2,2033.4,2014.575,0.39,785.68425,1995,16.31323187611955,8607.94,20.167241355241305
2015,Madrid (Comunidad de),madrid,2044.1,2078.0,2075.7,2101.9,2074.925,0.39,809.2207500000001,1995,19.797591378110724,9064.5,26.54084011558917
2016,Madrid (Comunidad de),madrid,2129.6,2178.2,2165.4,2203.3,2169.125,0.39,845.95875,1995,25.236309937970947,9390.19,31.087487610458876
2017,Madrid (Comunidad de),madrid,2234.5,2263.6,2305.2,2354.9,2289.55,0.38,870.0290000000001,1995,28.799686153755076,9577.78,33.706252704758974
2018,Madrid (Comunidad de),madrid,2413.2,2481.5,2496.7,2546.0,2484.35,0.37,919.2094999999999,1995,36.080400894165706,9725.29,35.76549914145717
2019,Madrid (Comunidad de),madrid,2612.7,2610.3,2611.1,2671.7,2626.45,0.37,971.7864999999999,1995,43.86393580956045,9932.49,38.65802074462887
2020,Madrid (Comunidad de),madrid,2637.2,2589.0,2610.3,2573.6,2602.525,0.37,962.93425,1995,42.553442686050126,8907.37,24.347298033029485
2021,Madrid (Comunidad de),madrid,2598.6,2661.4,2684.9,2760.1,2676.25,0.36,963.4499999999999,1995,42.629794667574636,9424.47,31.566037999246156
2022,Madrid (Comunidad de),madrid,2846.2,2899.7,2873.9,2888.1,2876.975,0.33,949.40175,1995,40.55008216257827,9648.03,34.686945960660594
2023,Madrid (Comunidad de),madrid,2978.3,2978.6,3008.1,3080.0,3011.25,0.32,963.6,1995,42.65200076981155,10041.48,40.17952619602696
2024,Madrid (Comunidad de),madrid,3116.7,3198.0,3274.6,3370.5,3239.95,0.32,1036.7839999999999,1995,53.48621001051086,10559.01,47.40426898217302
2025,Madrid (Comunidad de),madrid,3476.6,3630.9,3732.5,3902.3,3685.575,0.32,1179.384,1995,74.59681120371877,,
1995,Murcia (Región de),murcia,425.9,421.0,429.7,428.4,426.25,0.62,264.275,1995,0.0,7163.3,0.0
1996,Murcia (Región de),murcia,424.7,428.4,433.4,433.4,429.97499999999997,0.6,257.98499999999996,1995,-2.3800964903982647,7318.4,2.1652031884745737
1997,Murcia (Región de),murcia,437.1,442.1,445.8,450.8,443.95000000000005,0.59,261.9305,1995,-0.8871440734083746,7587.08,5.91598844108161
1998,Murcia (Región de),murcia,464.4,470.6,479.3,489.3,475.9,0.57,271.263,1995,2.644215306025921,7939.61,10.83732357991427
1999,Murcia (Región de),murcia,491.8,514.1,511.6,521.6,509.77500000000003,0.56,285.47400000000005,1995,8.02156844196389,8275.28,15.523292337330563
2000,Murcia (Región de),murcia,546.4,565.0,586.1,596.1,573.4,0.54,309.636,1995,17.164317472329984,8674.65,21.098516047073268
2001,Murcia (Región de),murcia,620.9,658.2,679.3,699.1,664.375,0.52,345.475,1995,30.725569955538766,9000.89,25.652841567433992
2002,Murcia (Región de),murcia,715.3,752.5,801.0,837.0,776.45,0.51,395.9895,1995,49.839939457005045,9300.17,29.83080423827007
2003,Murcia (Región de),murcia,848.1,878.0,945.0,987.2,914.575,0.49,448.14175,1995,69.57402327121372,9472.84,32.24128544106766
2004,Murcia (Región de),murcia,1061.7,1115.1,1192.1,1246.8,1153.925,0.48,553.8839999999999,1995,109.5862264686406,9688.88,35.25721385394998
2005,Murcia (Región de),murcia,1241.8,1326.2,1344.9,1392.0,1326.225,0.46,610.0635,1995,130.84419638634,9935.24,38.69641087208409
2006,Murcia (Región de),murcia,1402.0,1441.7,1456.6,1496.4,1449.175,0.45,652.12875,1995,146.76142276038217,10225.53,42.748872726257446
2007,Murcia (Región de),murcia,1533.6,1578.3,1611.9,1618.1,1585.475,0.44,697.6089999999999,1995,163.97086368366286,10482.09,46.33046221713455
2008,Murcia (Región de),murcia,1614.3,1588.7,1603.2,1523.7,1582.475,0.42,664.6394999999999,1995,151.49541197616117,10201.68,42.41592562087306
2009,Murcia (Región de),murcia,1445.5,1405.0,1382.2,1351.1,1395.95,0.42,586.299,1995,121.85185885914294,9755.29,36.18430053187778
2010,Murcia (Región de),murcia,1372.2,1356.0,1361.0,1327.5,1354.175,0.41,555.2117499999999,1995,110.08863872859709,9544.72,33.24473357251545
2011,Murcia (Región de),murcia,1267.9,1242.3,1248.5,1231.0,1247.425,0.4,498.97,1995,88.8071138019109,9153.42,27.78216743679589
2012,Murcia (Región de),murcia,1185.5,1172.5,1129.1,1059.1,1136.55,0.39,443.2545,1995,67.72471856967177,8623.37,20.38264487038097
2013,Murcia (Región de),murcia,1057.0,1062.3,1048.5,1005.6,1043.35,0.38,396.47299999999996,1995,50.022892819979184,8445.8,17.903759440481327
2014,Murcia (Región de),murcia,993.9,1001.2,993.7,997.6,996.6,0.39,388.67400000000004,1995,47.071800208116564,8607.94,20.167241355241305
2015,Murcia (Región de),murcia,980.5,987.9,988.6,996.3,988.325,0.39,385.44675,1995,45.8506290795573,9064.5,26.54084011558917
2016,Murcia (Región de),murcia,988.8,984.5,984.2,970.3,981.95,0.39,382.9605,1995,44.90984769652826,9390.19,31.087487610458876
2017,Murcia (Región de),murcia,973.7,971.4,967.9,990.1,975.775,0.38,370.79449999999997,1995,40.30630971525873,9577.78,33.706252704758974
2018,Murcia (Región de),murcia,990.5,985.8,963.1,976.9,979.075,0.37,362.25775,1995,37.07605713745152,9725.29,35.76549914145717
2019,Murcia (Región de),murcia,1003.1,997.4,989.3,974.0,990.95,0.37,366.6515,1995,38.73862453883268,9932.49,38.65802074462887
2020,Murcia (Región de),murcia,982.6,948.3,957.7,977.6,966.55,0.37,357.6235,1995,35.322486046731626,8907.37,24.347298033029485
2021,Murcia (Región de),murcia,981.1,1000.0,985.8,1027.1,998.5,0.36,359.46,1995,36.01740611105857,9424.47,31.566037999246156
2022,Murcia (Región de),murcia,1044.9,1016.4,1030.5,1025.6,1029.35,0.33,339.6855,1995,28.534859521331946,9648.03,34.686945960660594
2023,Murcia (Región de),murcia,1048.6,1030.9,1054.7,1095.4,1057.4,0.32,338.36800000000005,1995,28.0363257969918,10041.48,40.17952619602696
2024,Murcia (Región de),murcia,1101.7,1098.5,1095.3,1132.0,1106.875,0.32,354.2,1995,34.02705515088451,10559.01,47.40426898217302
2025,Murcia (Región de),murcia,1173.3,1185.0,1216.3,1264.0,1209.65,0.32,387.088,1995,46.47166777031504,,
1995,Navarra (Comunidad Foral de),navarra,722.8,742.7,759.6,721.3,736.6,0.62,456.692,1995,0.0,7163.3,0.0
1996,Navarra (Comunidad Foral de),navarra,736.6,724.4,785.6,741.2,746.95,0.6,448.17,1995,-1.866027869986775,7318.4,2.1652031884745737
1997,Navarra (Comunidad Foral de),navarra,744.3,794.8,814.7,797.9,787.925,0.59,464.8757499999999,1995,1.7919626356494023,7587.08,5.91598844108161
1998,Navarra (Comunidad Foral de),navarra,802.5,800.9,837.7,805.5,811.65,0.57,462.6405,1995,1.3025189843482998,7939.61,10.83732357991427
1999,Navarra (Comunidad Foral de),navarra,827.0,851.5,897.4,925.0,875.225,0.56,490.12600000000003,1995,7.320907745263772,8275.28,15.523292337330563
2000,Navarra (Comunidad Foral de),navarra,947.9,993.9,1044.4,1068.9,1013.7750000000001,0.54,547.4385000000001,1995,19.870394051132955,8674.65,21.098516047073268
2001,Navarra (Comunidad Foral de),navarra,1099.5,1122.5,1130.2,1157.7,1127.475,0.52,586.2869999999999,1995,28.376892960682444,9000.89,25.652841567433992
2002,Navarra (Comunidad Foral de),navarra,1168.5,1206.7,1232.8,1255.7,1215.925,0.51,620.12175,1995,35.785551312481935,9300.17,29.83080423827007
2003,Navarra (Comunidad Foral de),navarra,1258.8,1310.9,1341.5,1343.0,1313.55,0.49,643.6395,1995,40.935137904758555,9472.84,32.24128544106766
2004,Navarra (Comunidad Foral de),navarra,1362.9,1402.8,1444.1,1433.4,1410.8,0.48,677.184,1995,48.280241388068966,9688.88,35.25721385394998
2005,Navarra (Comunidad Foral de),navarra,1531.4,1539.1,1557.4,1596.3,1556.05,0.46,715.783,1995,56.732108291802795,9935.24,38.69641087208409
2006,Navarra (Comunidad Foral de),navarra,1632.5,1670.8,1652.4,1698.3,1663.5,0.45,748.575,1995,63.91243989384532,10225.53,42.748872726257446
2007,Navarra (Comunidad Foral de),navarra,1729.0,1721.3,1661.6,1709.0,1705.225,0.44,750.299,1995,64.28993720056404,10482.09,46.33046221713455
2008,Navarra (Comunidad Foral de),navarra,1751.9,1750.4,1745.8,1745.8,1748.475,0.42,734.3594999999999,1995,60.79972935807938,10201.68,42.41592562087306
2009,Navarra (Comunidad Foral de),navarra,1687.6,1630.2,1601.8,1623.3,1635.725,0.42,687.0044999999999,1995,50.43059655084825,9755.29,36.18430053187778
2010,Navarra (Comunidad Foral de),navarra,1615.6,1549.5,1502.1,1521.9,1547.275,0.41,634.38275,1995,38.90822479920821,9544.72,33.24473357251545
2011,Navarra (Comunidad Foral de),navarra,1482.1,1464.3,1389.6,1449.4,1446.35,0.4,578.54,1995,26.680563705954995,9153.42,27.78216743679589
2012,Navarra (Comunidad Foral de),navarra,1405.9,1377.8,1350.2,1382.6,1379.125,0.39,537.85875,1995,17.77275494206161,8623.37,20.38264487038097
2013,Navarra (Comunidad Foral de),navarra,1399.2,1410.4,1407.6,1366.8,1396.0,0.38,530.48,1995,16.157059900326697,8445.8,17.903759440481327
2014,Navarra (Comunidad Foral de),navarra,1349.3,1322.3,1301.5,1309.6,1320.675,0.39,515.06325,1995,12.78131651090888,8607.94,20.167241355241305
2019,Navarra (Comunidad Foral de),navarra,1417.2,1412.2,1439.9,1467.5,1434.2,0.37,530.654,1995,16.195159976526853,9932.49,38.65802074462887
2020,Navarra (Comunidad Foral de),navarra,1434.3,1396.3,1396.2,1408.0,1408.7,0.37,521.219,1995,14.129216189466876,8907.37,24.347298033029485
2021,Navarra (Comunidad Foral de),navarra,1418.5,1410.4,1427.6,1458.2,1428.675,0.36,514.323,1995,12.619226962591856,9424.47,31.566037999246156
2022,Navarra (Comunidad Foral de),navarra,1509.9,1519.8,1502.3,1547.2,1519.8,0.33,501.534,1995,9.818871361880642,9648.03,34.686945960660594
2023,Navarra (Comunidad Foral de),navarra,1560.5,1580.5,1569.7,1605.3,1579.0,0.32,505.28000000000003,1995,10.63911782995981,10041.48,40.17952619602696
2024,Navarra (Comunidad Foral de),navarra,1643.6,1677.5,1624.6,1672.8,1654.625,0.32,529.48,1995,15.938093945153419,10559.01,47.40426898217302
2025,Navarra (Comunidad Foral de),navarra,1719.4,1783.9,1804.7,1851.5,1789.875,0.32,572.76,1995,25.41494048505337,,
1995,País Vasco,pais_vasco,926.5,921.6,926.5,904.5,919.775,0.62,570.2605,1995,0.0,7163.3,0.0
1996,País Vasco,pais_vasco,938.7,928.9,970.5,970.5,952.15,0.6,571.29,1995,0.1805315290117404,7318.4,2.1652031884745737
1997,País Vasco,pais_vasco,938.7,953.4,943.6,965.6,950.325,0.59,560.69175,1995,-1.6779612124634302,7587.08,5.91598844108161
1998,País Vasco,pais_vasco,970.5,1002.3,1009.6,1065.8,1012.05,0.57,576.8684999999999,1995,1.1587686680034626,7939.61,10.83732357991427
1999,País Vasco,pais_vasco,1090.3,1153.9,1215.0,1259.0,1179.55,0.56,660.548,1995,15.832676469788808,8275.28,15.523292337330563
2000,País Vasco,pais_vasco,1342.1,1403.2,1471.6,1498.5,1428.85,0.54,771.579,1995,35.30290104259368,8674.65,21.098516047073268
2001,País Vasco,pais_vasco,1562.1,1630.5,1689.2,1706.3,1647.025,0.52,856.4530000000001,1995,50.18627451839994,9000.89,25.652841567433992
2002,País Vasco,pais_vasco,1750.3,1806.6,1906.8,1948.3,1853.0,0.51,945.03,1995,65.7190003515937,9300.17,29.83080423827007
2003,País Vasco,pais_vasco,2026.6,2082.8,2102.4,2107.2,2079.75,0.49,1019.0775,1995,78.70385551866208,9472.84,32.24128544106766
2004,País Vasco,pais_vasco,2143.9,2222.1,2305.3,2373.7,2261.25,0.48,1085.3999999999999,1995,90.33406662393763,9688.88,35.25721385394998
2005,País Vasco,pais_vasco,2444.6,2486.2,2537.5,2585.7,2513.5,0.46,1156.21,1995,102.7511987942353,9935.24,38.69641087208409
2006,País Vasco,pais_vasco,2716.0,2752.6,2816.2,2824.1,2777.225,0.45,1249.75125,1995,119.15444783568212,10225.53,42.748872726257446
2007,País Vasco,pais_vasco,2872.4,2936.4,2954.6,2969.5,2933.225,0.44,1290.619,1995,126.32095331870259,10482.09,46.33046221713455
2008,País Vasco,pais_vasco,3035.8,3025.9,3023.7,2898.2,2995.9,0.42,1258.278,1995,120.64968553845131,10201.68,42.41592562087306
2009,País Vasco,pais_vasco,2843.1,2780.6,2767.3,2738.0,2782.25,0.42,1168.5449999999998,1995,104.91424533173874,9755.29,36.18430053187778
2010,País Vasco,pais_vasco,2698.8,2676.8,2620.6,2645.1,2660.325,0.41,1090.7332499999998,1995,91.26929710193848,9544.72,33.24473357251545
2011,País Vasco,pais_vasco,2603.5,2578.5,2599.1,2566.1,2586.8,0.4,1034.72,1995,81.44690014475842,9153.42,27.78216743679589
2012,País Vasco,pais_vasco,2553.9,2515.0,2507.5,2517.5,2523.475,0.39,984.15525,1995,72.57994372747191,8623.37,20.38264487038097
2013,País Vasco,pais_vasco,2524.1,2536.7,2506.3,2451.6,2504.675,0.38,951.7765,1995,66.90205616555944,8445.8,17.903759440481327
2014,País Vasco,pais_vasco,2441.0,2443.4,2438.6,2416.1,2434.775,0.39,949.5622500000001,1995,66.51376870745915,8607.94,20.167241355241305
2015,País Vasco,pais_vasco,2405.1,2441.2,2405.1,2384.4,2408.95,0.39,939.4905,1995,64.7476021923314,9064.5,26.54084011558917
2016,País Vasco,pais_vasco,2360.2,2399.3,2361.9,2356.2,2369.4,0.39,924.066,1995,62.04278570933812,9390.19,31.087487610458876
2017,País Vasco,pais_vasco,2396.8,2396.9,2366.8,2387.0,2386.875,0.38,907.0125,1995,59.05231030379976,9577.78,33.706252704758974
2018,País Vasco,pais_vasco,2360.4,2381.2,2339.3,2375.6,2364.125,0.37,874.7262499999999,1995,53.39064339893784,9725.29,35.76549914145717
2019,País Vasco,pais_vasco,2405.6,2378.3,2402.8,2424.4,2402.775,0.37,889.02675,1995,55.89835697895962,9932.49,38.65802074462887
2020,País Vasco,pais_vasco,2401.9,2391.3,2343.5,2391.7,2382.1,0.37,881.377,1995,54.55690864087552,8907.37,24.347298033029485
2021,País Vasco,pais_vasco,2428.7,2431.1,2421.3,2454.7,2433.95,0.36,876.2219999999999,1995,53.65293580740731,9424.47,31.566037999246156
2022,País Vasco,pais_vasco,2502.2,2500.1,2523.9,2517.1,2510.825,0.33,828.5722499999999,1995,45.29714928528277,9648.03,34.686945960660594
2023,País Vasco,pais_vasco,2540.8,2549.0,2528.7,2565.4,2545.975,0.32,814.712,1995,42.86663726489912,10041.48,40.17952619602696
2024,País Vasco,pais_vasco,2575.2,2620.0,2582.7,2632.0,2602.475,0.32,832.792,1995,46.037118124085396,10559.01,47.40426898217302
2025,País Vasco,pais_vasco,2715.8,2792.5,2866.1,2967.1,2835.375,0.32,907.32,1995,59.10623302858957,,
1995,TOTAL NACIONAL,total_nacional,670.8,686.0,682.6,692.7,683.025,0.62,423.4755,1995,0.0,7163.3,0.0
1996,TOTAL NACIONAL,total_nacional,686.0,697.8,691.0,694.4,692.3,0.6,415.37999999999994,1995,-1.9116808410404085,7318.4,2.1652031884745737
1997,TOTAL NACIONAL,total_nacional,691.0,726.4,726.4,702.8,711.65,0.59,419.8735,1995,-0.8505804940309503,7587.08,5.91598844108161
1998,TOTAL NACIONAL,total_nacional,716.3,761.8,777.0,756.7,752.95,0.57,429.18149999999997,1995,1.3474215155304003,7939.61,10.83732357991427
1999,TOTAL NACIONAL,total_nacional,780.3,805.6,827.5,829.2,810.65,0.56,453.96400000000006,1995,7.1995900589290285,8275.28,15.523292337330563
2000,TOTAL NACIONAL,total_nacional,856.2,879.8,891.6,893.3,880.225,0.54,475.32150000000007,1995,12.242975095371534,8674.65,21.098516047073268
2001,TOTAL NACIONAL,total_nacional,930.3,962.4,982.6,992.7,967.0,0.52,502.84000000000003,1995,18.74122587965539,9000.89,25.652841567433992
2002,TOTAL NACIONAL,total_nacional,1051.7,1117.4,1142.7,1164.6,1119.1,0.51,570.741,1995,34.77544745799934,9300.17,29.83080423827007
2003,TOTAL NACIONAL,total_nacional,1230.3,1309.6,1344.9,1380.3,1316.275,0.49,644.9747500000001,1995,52.305092030117464,9472.84,32.24128544106766
2004,TOTAL NACIONAL,total_nacional,1456.2,1538.8,1570.8,1618.0,1545.95,0.48,742.056,1995,75.2299719818502,9688.88,35.25721385394998
2005,TOTAL NACIONAL,total_nacional,1685.4,1752.8,1781.5,1824.3,1761.0,0.46,810.0600000000001,1995,91.28851610069533,9935.24,38.69641087208409
2006,TOTAL NACIONAL,total_nacional,1887.6,1942.3,1956.7,1990.5,1944.275,0.45,874.92375,1995,106.6055179107174,10225.53,42.748872726257446
2007,TOTAL NACIONAL,total_nacional,2024.2,2054.5,2061.2,2085.5,2056.35,0.44,904.794,1995,113.65911369134696,10482.09,46.33046221713455
2008,TOTAL NACIONAL,total_nacional,2101.4,2095.7,2068.7,2018.5,2071.075,0.42,869.8514999999999,1995,105.40775086162006,10201.68,42.41592562087306
2009,TOTAL NACIONAL,total_nacional,1958.1,1920.9,1896.8,1892.3,1917.025,0.42,805.1505,1995,90.12918102700156,9755.29,36.18430053187778
2010,TOTAL NACIONAL,total_nacional,1865.7,1848.9,1832.0,1825.5,1843.025,0.41,755.64025,1995,78.43777266925713,9544.72,33.24473357251545
2011,TOTAL NACIONAL,total_nacional,1777.6,1752.1,1729.3,1701.8,1740.1999999999998,0.4,696.0799999999999,1995,64.37314555387499,9153.42,27.78216743679589
2012,TOTAL NACIONAL,total_nacional,1649.3,1606.4,1565.6,1531.2,1588.125,0.39,619.36875,1995,46.25846123329449,8623.37,20.38264487038097
2013,TOTAL NACIONAL,total_nacional,1516.4,1502.8,1495.3,1466.9,1495.35,0.38,568.233,1995,34.18320540385451,8445.8,17.903759440481327
2014,TOTAL NACIONAL,total_nacional,1459.4,1459.3,1455.8,1463.1,1459.4,0.39,569.166,1995,34.40352511538449,8607.94,20.167241355241305
2015,TOTAL NACIONAL,total_nacional,1457.9,1476.8,1476.0,1490.1,1475.2,0.39,575.3280000000001,1995,35.85862700439579,9064.5,26.54084011558917
2016,TOTAL NACIONAL,total_nacional,1492.4,1506.4,1499.7,1512.0,1502.625,0.39,586.0237500000001,1995,38.384333922505554,9390.19,31.087487610458876
2017,TOTAL NACIONAL,total_nacional,1525.8,1530.0,1540.0,1558.7,1538.625,0.38,584.6775,1995,38.06642887250855,9577.78,33.706252704758974
2018,TOTAL NACIONAL,total_nacional,1566.6,1587.9,1589.5,1618.8,1590.7,0.37,588.559,1995,38.983010823530506,9725.29,35.76549914145717
2019,TOTAL NACIONAL,total_nacional,1636.3,1637.4,1638.3,1652.8,1641.2,0.37,607.244,1995,43.39530858337732,9932.49,38.65802074462887
2020,TOTAL NACIONAL,total_nacional,1640.4,1610.1,1619.6,1622.3,1623.1,0.37,600.5469999999999,1995,41.813871168461915,8907.37,24.347298033029485
2021,TOTAL NACIONAL,total_nacional,1625.4,1649.2,1661.6,1694.1,1657.575,0.36,596.727,1995,40.91181189938968,9424.47,31.566037999246156
2022,TOTAL NACIONAL,total_nacional,1734.0,1740.7,1740.0,1749.2,1740.975,0.33,574.52175,1995,35.668238186152436,9648.03,34.686945960660594
2023,TOTAL NACIONAL,total_nacional,1788.4,1793.2,1812.4,1842.3,1809.075,0.32,578.904,1995,36.70306782800894,10041.48,40.17952619602696
2024,TOTAL NACIONAL,total_nacional,1865.8,1895.6,1921.0,1972.1,1913.625,0.32,612.36,1995,44.60340680865835,10559.01,47.40426898217302
2025,TOTAL NACIONAL,total_nacional,2033.4,2093.5,2153.4,2230.0,2127.575,0.32,680.824,1995,60.770575865663986,,
